date,EMB,ICLN,SRLN
2020-11-18 05:00:00,89.45443725585938,20.21385765075684,31.898345947265625
2020-11-19 05:00:00,89.6588363647461,20.504907608032227,31.94096565246582
2020-11-20 05:00:00,89.72174835205078,20.739625930786133,31.9978084564209
2020-11-23 05:00:00,89.65099334716797,21.13395500183105,32.026214599609375
2020-11-24 05:00:00,89.77678680419922,21.424999237060547,32.09726333618164
2020-11-25 05:00:00,89.70604705810547,21.791160583496094,32.1043701171875
2020-11-27 05:00:00,89.99691772460938,22.147932052612305,32.1043701171875
2020-11-30 05:00:00,89.82392883300781,22.091602325439453,32.054622650146484
2020-12-01 05:00:00,90.04959106445312,21.88504409790039,32.12596130371094
2020-12-02 05:00:00,90.096923828125,21.68788719177246,32.24720764160156
2020-12-03 05:00:00,90.47560119628906,21.53766441345215,32.2115592956543
2020-12-04 05:00:00,90.55449676513672,21.6033878326416,32.28287506103516
2020-12-07 05:00:00,90.5387191772461,21.6972713470459,32.41127395629883
2020-12-08 05:00:00,90.38883972167967,22.279375076293945,32.38273620605469
2020-12-09 05:00:00,90.16793823242188,21.734827041625977,32.38273620605469
2020-12-10 05:00:00,90.61758422851562,22.063432693481445,32.48259735107422
2020-12-11 05:00:00,90.66496276855467,22.18548583984375,32.41127395629883
2020-12-14 05:00:00,90.66496276855467,22.505107879638672,32.39699935913086
2020-12-15 05:00:00,90.97262573242188,23.5579776763916,32.4611930847168
2020-12-16 05:00:00,91.03572845458984,23.5579776763916,32.45406723022461
2020-12-17 05:00:00,91.3326416015625,24.02800750732422,32.45406723022461
2020-12-18 05:00:00,91.21388244628906,24.35703086853028,32.47553634643555
2020-12-21 05:00:00,90.95264434814452,24.78005790710449,32.41112518310547
2020-12-22 05:00:00,91.0634536743164,25.682518005371094,32.39680480957031
2020-12-23 05:00:00,91.19802856445312,26.09614562988281,32.50417709350586
2020-12-24 05:00:00,91.42761993408205,26.04914093017578,32.53281021118164
2020-12-28 05:00:00,91.4513702392578,26.25595474243164,32.60437774658203
2020-12-29 05:00:00,91.58594512939452,26.002140045166016,32.57575607299805
2020-12-30 05:00:00,91.70468139648438,26.60784912109375,32.62587356567383
2020-12-31 05:00:00,91.76011657714844,26.560821533203125,32.67598342895508
2021-01-04 05:00:00,91.25348663330078,26.974658966064453,32.61870574951172
2021-01-05 05:00:00,91.31682586669922,27.54838752746582,32.65449523925781
2021-01-06 05:00:00,90.65972900390624,29.532922744750977,32.69743347167969
2021-01-07 05:00:00,90.6280746459961,31.42341041564941,32.783321380615234
2021-01-08 05:00:00,90.67554473876952,31.188276290893555,32.86922836303711
2021-01-11 05:00:00,89.96309661865234,30.13486862182617,32.840606689453125
2021-01-12 05:00:00,89.53556823730469,30.501680374145508,32.90502166748047
2021-01-13 05:00:00,89.95516204833984,30.65216636657715,32.87636947631836
2021-01-14 05:00:00,89.69390869140625,30.37940788269043,32.96943283081055
2021-01-15 05:00:00,89.79680633544922,28.742870330810547,32.96943283081055
2021-01-19 05:00:00,89.92346954345703,29.532922744750977,32.998077392578125
2021-01-20 05:00:00,90.02641296386719,29.420061111450195,33.041015625
2021-01-21 05:00:00,90.0897216796875,30.718000411987305,32.97660446166992
2021-01-22 05:00:00,90.12930297851562,30.9437313079834,32.99091720581055
2021-01-25 05:00:00,90.48556518554688,30.548707962036133,32.9837760925293
2021-01-26 05:00:00,90.3667984008789,30.247732162475582,32.998077392578125
2021-01-27 05:00:00,89.94721984863281,28.34784507751465,32.89070510864258
2021-01-28 05:00:00,90.13726806640624,28.987409591674805,32.91218566894531
2021-01-29 05:00:00,90.12930297851562,28.028060913085938,32.854915618896484
2021-02-01 05:00:00,90.57563018798828,28.65822029113769,32.919586181640625
2021-02-02 05:00:00,90.57563018798828,28.96859741210937,32.91239929199219
2021-02-03 05:00:00,90.34535217285156,29.485898971557617,32.90519714355469
2021-02-04 05:00:00,90.6073989868164,29.10968399047852,33.00578689575195
2021-02-05 05:00:00,90.71067810058594,29.326004028320312,32.998592376708984
2021-02-08 05:00:00,90.71067810058594,29.61756896972656,33.0345344543457
2021-02-09 05:00:00,90.38504791259766,29.35422134399414,32.991416931152344
2021-02-10 05:00:00,90.56771850585938,28.959197998046875,32.984230041503906
2021-02-11 05:00:00,90.623291015625,29.10968399047852,33.012969970703125
2021-02-12 05:00:00,90.1229476928711,28.517139434814453,33.02015686035156
2021-02-16 05:00:00,89.0190658569336,28.19735717773437,33.027347564697266
2021-02-17 05:00:00,89.51144409179688,27.727088928222656,33.070457458496094
2021-02-18 05:00:00,89.41615295410156,26.288063049316406,33.0345344543457
2021-02-19 05:00:00,88.93966674804688,26.79595375061035,33.04890060424805
2021-02-22 05:00:00,88.33606719970703,25.018335342407227,33.070457458496094
2021-02-23 05:00:00,88.43932342529297,24.67033195495605,33.09918594360352
2021-02-24 05:00:00,88.5743179321289,25.19703865051269,33.09918594360352
2021-02-25 05:00:00,86.9939193725586,23.98374557495117,33.063262939453125
2021-02-26 05:00:00,87.38304901123047,24.31293296813965,33.04890060424805
2021-03-01 05:00:00,87.8698501586914,25.23466110229492,33.092159271240234
2021-03-02 05:00:00,87.81410217285156,24.42579841613769,33.08494186401367
2021-03-03 05:00:00,87.28826904296875,22.826881408691406,33.06330871582031
2021-03-04 05:00:00,86.53935241699219,21.914554595947266,32.984004974365234
2021-03-05 05:00:00,86.52339935302734,21.60417938232422,33.04890060424805
2021-03-08 05:00:00,85.02555847167969,20.945804595947266,32.9912109375
2021-03-09 05:00:00,86.02943420410156,22.69520378112793,32.99842071533203
2021-03-10 05:00:00,86.86600494384766,22.6858024597168,33.020057678222656
2021-03-11 05:00:00,87.5113296508789,24.12482261657715,33.03448486328125
2021-03-12 05:00:00,86.41183471679688,23.93671607971192,33.02728271484375
2021-03-15 04:00:00,86.97752380371094,23.80504035949707,33.005653381347656
2021-03-16 04:00:00,87.28031158447266,23.259525299072266,33.01285552978516
2021-03-17 04:00:00,88.01325988769531,22.619962692260746,33.01285552978516
2021-03-18 04:00:00,86.81817626953125,21.387853622436523,33.005653381347656
2021-03-19 04:00:00,87.07313537597656,21.952178955078125,32.96959686279297
2021-03-22 04:00:00,87.26435089111328,22.478878021240234,33.005653381347656
2021-03-23 04:00:00,86.95365142822266,22.055639266967773,32.96959686279297
2021-03-24 04:00:00,87.14481353759766,21.068071365356445,32.962379455566406
2021-03-25 04:00:00,87.01737976074219,21.171531677246094,32.96959686279297
2021-03-26 04:00:00,87.04924011230469,21.59477424621582,33.005653381347656
2021-03-29 04:00:00,86.59513854980469,21.07747840881348,32.984004974365234
2021-03-30 04:00:00,86.63494873046875,22.09326171875,32.984004974365234
2021-03-31 04:00:00,86.74649810791016,22.85509490966797,32.976802825927734
2021-04-01 04:00:00,87.43226623535156,22.742231369018555,33.06363677978516
2021-04-05 04:00:00,87.3283462524414,22.39423370361328,33.05640411376953
2021-04-06 04:00:00,87.62408447265625,22.39423370361328,33.16494369506836
2021-04-07 04:00:00,87.32035827636719,21.764074325561523,33.2083625793457
2021-04-08 04:00:00,87.82390594482422,22.04623413085937,33.222835540771484
2021-04-09 04:00:00,87.58411407470703,22.074445724487305,33.23731231689453
2021-04-12 04:00:00,87.7280044555664,21.63239479064941,33.215606689453125
2021-04-13 04:00:00,88.19157409667969,22.074445724487305,33.25901412963867
2021-04-14 04:00:00,88.11165618896484,21.999208450317383,33.215606689453125
2021-04-15 04:00:00,89.18267822265625,21.679424285888672,33.24454879760742
2021-04-16 04:00:00,88.89495086669922,22.403640747070312,33.17942428588867
2021-04-19 04:00:00,88.83097076416016,21.858123779296875,33.215606689453125
2021-04-20 04:00:00,88.60719299316406,21.660614013671875,33.17942428588867
2021-04-21 04:00:00,88.77503967285156,22.083852767944336,33.17219543457031
2021-04-22 04:00:00,88.91090393066406,22.619962692260746,33.17219543457031
2021-04-23 04:00:00,89.06278228759766,23.04320526123047,33.20113754272461
2021-04-26 04:00:00,88.65516662597656,23.15607070922852,33.19389343261719
2021-04-27 04:00:00,88.17559051513672,23.08082771301269,33.20113754272461
2021-04-28 04:00:00,88.47128295898438,22.610557556152344,33.23731231689453
2021-04-29 04:00:00,88.57524108886719,22.26255989074707,33.222835540771484
2021-04-30 04:00:00,88.83097076416016,21.858123779296875,33.222835540771484
2021-05-03 04:00:00,88.7091293334961,21.547748565673828,33.25916290283203
2021-05-04 04:00:00,88.78931427001953,20.66364097595215,33.24463653564453
2021-05-05 04:00:00,88.90956115722656,20.63542556762696,33.230098724365234
2021-05-06 04:00:00,89.07791900634766,20.3626708984375,33.266414642333984
2021-05-07 04:00:00,89.47880554199219,20.729480743408203,33.27370071411133
2021-05-10 04:00:00,89.27838134765625,20.108720779418945,33.31726837158203
2021-05-11 04:00:00,89.06993103027344,20.15574836730957,33.302738189697266
2021-05-12 04:00:00,88.2601089477539,19.478561401367188,33.25191116333008
2021-05-13 04:00:00,88.71710968017578,19.55380821228028,33.302738189697266
2021-05-14 04:00:00,89.1821517944336,20.31564140319824,33.309993743896484
2021-05-17 04:00:00,89.13407135009766,20.12753295898437,33.29548263549805
2021-05-18 04:00:00,89.12602996826172,20.503751754760746,33.35358047485352
2021-05-19 04:00:00,88.7091293334961,20.66364097595215,33.339054107666016
2021-05-20 04:00:00,89.32649993896484,21.190343856811523,33.35358047485352
2021-05-21 04:00:00,89.15010833740234,21.23737144470215,33.382625579833984
2021-05-24 04:00:00,89.24630737304688,21.27499389648437,33.404422760009766
2021-05-25 04:00:00,89.67926025390625,21.21855926513672,33.41168975830078
2021-05-26 04:00:00,89.67127990722656,21.47250366210937,33.4625358581543
2021-05-27 04:00:00,89.50286865234375,21.45369338989257,33.46981430053711
2021-05-28 04:00:00,89.68731689453125,21.557153701782227,33.54243469238281
2021-06-01 04:00:00,89.80631256103516,21.5101261138916,33.54241943359375
2021-06-02 04:00:00,89.94309997558594,21.16212654113769,33.59347915649414
2021-06-03 04:00:00,89.50068664550781,20.77650451660156,33.57158660888672
2021-06-04 04:00:00,90.0959014892578,20.97402000427246,33.56431198120117
2021-06-07 04:00:00,89.89482879638672,21.086885452270508,33.622615814208984
2021-06-08 04:00:00,90.24871826171876,21.171531677246094,33.64450454711914
2021-06-09 04:00:00,90.57048034667967,21.03985595703125,33.65177917480469
2021-06-10 04:00:00,90.70723724365234,21.128761291503903,33.65177917480469
2021-06-11 04:00:00,90.81177520751952,21.30845642089844,33.65907287597656
2021-06-14 04:00:00,90.26478576660156,21.56381607055664,33.67365264892578
2021-06-15 04:00:00,90.46590423583984,21.31791877746582,33.65177917480469
2021-06-16 04:00:00,89.6937255859375,21.43140983581543,33.6663703918457
2021-06-17 04:00:00,90.0476303100586,21.554363250732425,33.6663703918457
2021-06-18 04:00:00,90.3050308227539,21.194965362548828,33.622615814208984
2021-06-21 04:00:00,90.24871826171876,21.41249656677246,33.688232421875
2021-06-22 04:00:00,90.20853424072266,21.630023956298828,33.6663703918457
2021-06-23 04:00:00,90.31306457519533,21.592191696166992,33.702823638916016
2021-06-24 04:00:00,90.3452377319336,21.734060287475582,33.72468948364258
2021-06-25 04:00:00,90.1924285888672,21.80026626586914,33.72468948364258
2021-06-28 04:00:00,90.36131286621094,22.37718963623047,33.731971740722656
2021-06-29 04:00:00,90.33721160888672,22.51906013488769,33.74655532836914
2021-06-30 04:00:00,90.4578628540039,22.188034057617188,33.74655532836914
2021-07-01 04:00:00,90.36505889892578,22.263696670532227,33.77582931518555
2021-07-02 04:00:00,90.469970703125,22.216407775878903,33.80509567260742
2021-07-06 04:00:00,90.57483673095705,22.367733001708984,33.790462493896484
2021-07-07 04:00:00,90.7039566040039,22.29207229614257,33.746551513671875
2021-07-08 04:00:00,90.5183563232422,21.904296875,33.69533157348633
2021-07-09 04:00:00,90.49417877197266,21.96104431152344,33.724605560302734
2021-07-12 04:00:00,90.55065155029295,22.216407775878903,33.746551513671875
2021-07-13 04:00:00,90.22791290283205,21.951589584350582,33.7172966003418
2021-07-14 04:00:00,90.61516571044922,21.41249656677246,33.7172966003418
2021-07-15 04:00:00,90.89762878417967,20.986892700195312,33.666072845458984
2021-07-16 04:00:00,90.77657318115234,20.901775360107425,33.6148567199707
2021-07-19 04:00:00,90.79271697998048,20.75044631958008,33.549007415771484
2021-07-20 04:00:00,91.04287719726562,20.9585189819336,33.58558654785156
2021-07-21 04:00:00,90.6958999633789,21.620567321777344,33.600215911865234
2021-07-22 04:00:00,90.89762878417967,21.630023956298828,33.600215911865234
2021-07-23 04:00:00,90.90572357177734,21.33683204650879,33.6148567199707
2021-07-26 04:00:00,90.65554809570312,21.16658973693848,33.58558654785156
2021-07-27 04:00:00,90.41345977783205,21.0152645111084,33.549007415771484
2021-07-28 04:00:00,90.63938903808594,21.592191696166992,33.53434753417969
2021-07-29 04:00:00,90.7201156616211,21.535446166992188,33.52704620361328
2021-07-30 04:00:00,90.96216583251952,21.47869873046875,33.52704620361328
2021-08-02 04:00:00,91.08357238769533,21.49761199951172,33.51969909667969
2021-08-03 04:00:00,91.12408447265624,21.91375541687012,33.50502014160156
2021-08-04 04:00:00,91.16448974609376,21.86647224426269,33.51969909667969
2021-08-05 04:00:00,91.10787963867188,21.705686569213867,33.50502014160156
2021-08-06 04:00:00,90.62223815917967,21.67731475830078,33.54907989501953
2021-08-09 04:00:00,90.32273864746094,22.017793655395508,33.56376266479492
2021-08-10 04:00:00,90.30653381347656,21.989421844482425,33.54173278808594
2021-08-11 04:00:00,90.36319732666016,21.857011795043945,33.556419372558594
2021-08-12 04:00:00,90.48461151123048,21.582733154296875,33.56376266479492
2021-08-13 04:00:00,90.91358184814452,21.374664306640625,33.56376266479492
2021-08-16 04:00:00,90.92977142333984,21.204423904418945,33.57111358642578
2021-08-17 04:00:00,90.84886169433594,20.977436065673828,33.593135833740234
2021-08-18 04:00:00,90.77600860595705,21.109844207763672,33.60049057006836
2021-08-19 04:00:00,90.86502838134766,21.109844207763672,33.57844161987305
2021-08-20 04:00:00,90.73554229736328,21.450326919555664,33.556419372558594
2021-08-23 04:00:00,91.07547760009766,21.72459983825684,33.62986373901367
2021-08-24 04:00:00,91.13214874267578,21.857011795043945,33.681278228759766
2021-08-25 04:00:00,91.06736755371094,21.932674407958984,33.68861770629883
2021-08-26 04:00:00,90.9216766357422,21.67731475830078,33.681278228759766
2021-08-27 04:00:00,91.50447845458984,21.86647224426269,33.7326774597168
2021-08-30 04:00:00,91.74729919433594,22.08400154113769,33.7326774597168
2021-08-31 04:00:00,91.77970123291016,22.065082550048828,33.76206970214844
2021-09-01 04:00:00,91.94042205810548,22.23532485961914,33.813663482666016
2021-09-02 04:00:00,92.19213104248048,22.500144958496094,33.813663482666016
2021-09-03 04:00:00,91.89170837402344,22.32044219970703,33.84315490722656
2021-09-07 04:00:00,91.64002990722656,22.140745162963867,33.798919677734375
2021-09-08 04:00:00,91.80240631103516,21.71514129638672,33.813663482666016
2021-09-09 04:00:00,91.9566650390625,21.6867733001709,33.80629348754883
2021-09-10 04:00:00,91.66439056396484,21.346290588378903,33.79154968261719
2021-09-13 04:00:00,91.78618621826172,21.77188873291016,33.821044921875
2021-09-14 04:00:00,91.96481323242188,21.639480590820312,33.83578109741211
2021-09-15 04:00:00,91.94854736328124,21.33683204650879,33.887386322021484
2021-09-16 04:00:00,91.64002990722656,21.194965362548828,33.8947639465332
2021-09-17 04:00:00,91.33963012695312,21.299001693725582,33.8947639465332
2021-09-20 04:00:00,90.91744995117188,20.731529235839844,33.887386322021484
2021-09-21 04:00:00,91.08794403076172,20.977436065673828,33.86526870727539
2021-09-22 04:00:00,91.14476776123048,21.2706298828125,33.902130126953125
2021-09-23 04:00:00,90.4465103149414,21.45978736877441,33.90949249267578
2021-09-24 04:00:00,90.07306671142578,21.04363822937012,33.94635391235352
2021-09-27 04:00:00,89.80512237548828,21.21388053894043,33.953731536865234
2021-09-28 04:00:00,89.29361724853516,20.75044631958008,33.93160629272461
2021-09-29 04:00:00,89.37480926513672,20.53291320800781,33.99058151245117
2021-09-30 04:00:00,89.35858154296875,20.476167678833008,33.92424392700195
2021-10-01 04:00:00,89.3382339477539,20.58966064453125,33.99082946777344
2021-10-04 04:00:00,88.90657043457031,20.050567626953125,33.94643783569336
2021-10-05 04:00:00,88.96356201171875,20.08839988708496,33.93162536621094
2021-10-06 04:00:00,88.77623748779297,20.13568878173828,33.89464569091797
2021-10-07 04:00:00,88.87397003173828,20.3437614440918,33.92423629760742
2021-10-08 04:00:00,88.65409851074219,20.1829776763916,33.94643783569336
2021-10-11 04:00:00,88.40970611572266,20.25864028930664,33.92423629760742
2021-10-12 04:00:00,88.69477081298828,21.02472305297852,33.91683578491211
2021-10-13 04:00:00,89.25674438476562,21.705686569213867,33.902042388916016
2021-10-14 04:00:00,89.63956451416016,21.620567321777344,33.93903732299805
2021-10-15 04:00:00,89.5336685180664,21.6867733001709,33.93903732299805
2021-10-18 04:00:00,89.240478515625,21.77188873291016,33.89464569091797
2021-10-19 04:00:00,89.17530822753906,22.30153083801269,33.91683578491211
2021-10-20 04:00:00,89.22416687011719,22.43393898010254,33.93903732299805
2021-10-21 04:00:00,88.84137725830078,22.46231269836425,33.93162536621094
2021-10-22 04:00:00,89.1916275024414,22.28261375427246,33.953834533691406
2021-10-25 04:00:00,89.25674438476562,22.613637924194336,33.93162536621094
2021-10-26 04:00:00,89.44409942626953,22.46231269836425,33.94643783569336
2021-10-27 04:00:00,89.97350311279297,23.13381576538086,33.93903732299805
2021-10-28 04:00:00,89.80245208740234,23.93773078918457,33.97602844238281
2021-10-29 04:00:00,89.50111389160156,23.899900436401367,33.96124267578125
2021-11-01 04:00:00,89.25434875488281,24.39171028137207,33.946380615234375
2021-11-02 04:00:00,89.36875915527344,23.92827033996582,33.97608184814453
2021-11-03 04:00:00,89.22982788085938,23.37972068786621,33.99836730957031
2021-11-04 04:00:00,89.8753662109375,23.256765365600582,34.013214111328125
2021-11-05 04:00:00,90.55354309082033,22.96357727050781,34.094913482666016
2021-11-08 05:00:00,90.47183227539062,23.37972068786621,34.10976791381836
2021-11-09 05:00:00,90.63526153564452,23.256765365600582,34.08748245239258
2021-11-10 05:00:00,89.31155395507812,22.925745010375977,34.08748245239258
2021-11-11 05:00:00,89.31155395507812,23.53104591369629,34.13203430175781
2021-11-12 05:00:00,89.5403060913086,23.72020149230957,34.0800666809082
2021-11-15 05:00:00,89.30335998535156,23.436466217041016,34.1171875
2021-11-16 05:00:00,89.09907531738281,23.37972068786621,34.08748245239258
2021-11-17 05:00:00,89.19715881347656,23.23785400390625,34.05778884887695
2021-11-18 05:00:00,89.4259262084961,22.91628837585449,34.05033874511719
2021-11-19 05:00:00,89.40142059326172,23.35134696960449,34.013214111328125
2021-11-22 05:00:00,88.47806549072266,22.812253952026367,33.98350143432617
2021-11-23 05:00:00,87.92242431640625,22.54743194580078,33.97608184814453
2021-11-24 05:00:00,88.06131744384766,22.613637924194336,33.96867370605469
2021-11-26 05:00:00,87.08079528808594,22.32044219970703,33.775569915771484
2021-11-29 05:00:00,87.83251953125,22.56635093688965,33.83497619628906
2021-11-30 05:00:00,87.8161849975586,22.216407775878903,33.686458587646484
2021-12-01 05:00:00,88.42860412597656,21.52598762512207,33.746089935302734
2021-12-02 05:00:00,88.95333862304688,21.43140983581543,33.768455505371094
2021-12-03 05:00:00,89.06810760498047,20.759904861450195,33.8430061340332
2021-12-06 05:00:00,89.15010070800781,21.00580596923828,33.8578987121582
2021-12-07 05:00:00,89.62562561035156,21.6867733001709,33.93245315551758
2021-12-08 05:00:00,89.49446105957031,21.75297737121582,33.99954605102539
2021-12-09 05:00:00,89.43704223632812,21.128761291503903,33.99954605102539
2021-12-10 05:00:00,89.45344543457031,20.986892700195312,34.021907806396484
2021-12-13 05:00:00,89.8223648071289,20.87661361694336,33.98463821411133
2021-12-14 05:00:00,89.59281158447266,20.249176025390625,33.99954605102539
2021-12-15 05:00:00,89.30584716796875,20.59141540527344,33.97719192504883
2021-12-16 05:00:00,89.39470672607422,20.13509559631348,33.92500305175781
2021-12-17 05:00:00,89.23843383789062,20.17312240600586,33.954933166503906
2021-12-20 05:00:00,88.76129913330078,19.431604385375977,33.96989822387695
2021-12-21 05:00:00,89.0245132446289,20.07805633544922,34.029747009277344
2021-12-22 05:00:00,89.12324523925781,20.192136764526367,34.09708023071289
2021-12-23 05:00:00,89.2548599243164,20.192136764526367,34.19435501098633
2021-12-27 05:00:00,89.58390808105469,20.16361427307129,34.13449478149414
2021-12-28 05:00:00,89.50164794921875,19.96397590637207,34.11952590942383
2021-12-29 05:00:00,89.4111557006836,19.897432327270508,34.149471282958984
2021-12-30 05:00:00,89.8306884765625,20.175182342529297,34.14198684692383
2021-12-31 05:00:00,89.71553802490234,20.137136459350582,34.14198684692383
2022-01-03 05:00:00,88.82709503173828,20.2988395690918,34.164424896240234
2022-01-04 05:00:00,88.7777328491211,19.98494338989257,34.1868782043457
2022-01-05 05:00:00,87.93043518066406,19.0527572631836,34.089599609375
2022-01-06 05:00:00,87.84817504882812,18.78641700744629,34.10458755493164
2022-01-07 05:00:00,87.6754379272461,18.7008056640625,34.15694046020508
2022-01-10 05:00:00,87.37931060791016,18.615198135375977,34.164424896240234
2022-01-11 05:00:00,87.56021881103516,18.776901245117188,34.23176956176758
2022-01-12 05:00:00,87.37931060791016,18.82446479797364,34.25422286987305
2022-01-13 05:00:00,87.08312225341797,18.615198135375977,34.2691764831543
2022-01-14 05:00:00,86.3180923461914,18.50105094909668,34.299102783203125
2022-01-18 05:00:00,85.52014923095703,17.987398147583008,34.23176956176758
2022-01-19 05:00:00,86.09598541259766,17.939838409423828,34.25422286987305
2022-01-20 05:00:00,86.40035247802734,18.053985595703125,34.224300384521484
2022-01-21 05:00:00,86.86101531982422,17.407161712646484,34.209327697753906
2022-01-24 05:00:00,86.2769546508789,17.473745346069336,34.21681594848633
2022-01-25 05:00:00,86.40858459472656,16.950578689575195,34.112060546875
2022-01-26 05:00:00,85.9561538696289,17.007648468017578,34.07466125488281
2022-01-27 05:00:00,86.44145965576172,16.741310119628906,34.037227630615234
2022-01-28 05:00:00,86.71292114257812,16.89350700378418,34.05220413208008
2022-01-31 05:00:00,86.68824768066406,17.835205078125,34.112060546875
2022-02-01 05:00:00,86.91362762451172,17.80666732788086,34.1270751953125
2022-02-02 05:00:00,87.30989074707031,17.730567932128906,34.179649353027344
2022-02-03 05:00:00,86.55865478515625,17.283504486083984,34.1571159362793
2022-02-04 05:00:00,86.14586639404297,17.445207595825195,34.179649353027344
2022-02-07 05:00:00,86.04679107666016,17.340572357177734,34.1270751953125
2022-02-08 05:00:00,85.82392883300781,17.378623962402344,34.104549407958984
2022-02-09 05:00:00,86.1293716430664,18.006423950195312,34.187164306640625
2022-02-10 05:00:00,84.99837493896484,17.54983901977539,34.1571159362793
2022-02-11 05:00:00,84.5030288696289,17.093257904052734,34.11205291748047
2022-02-14 05:00:00,84.82501983642578,16.9600887298584,33.97685623168945
2022-02-15 05:00:00,85.14696502685547,17.816179275512695,33.9994010925293
2022-02-16 05:00:00,85.3946533203125,17.825695037841797,34.00690460205078
2022-02-17 05:00:00,84.99837493896484,17.578378677368164,33.961849212646484
2022-02-18 05:00:00,85.03141021728516,17.25496482849121,33.924293518066406
2022-02-22 05:00:00,83.9581527709961,16.826923370361328,33.87922668457031
2022-02-23 05:00:00,82.54650115966797,16.712772369384766,33.84919357299805
2022-02-24 05:00:00,81.71269989013672,17.987398147583008,33.81914520263672
2022-02-25 05:00:00,82.6950912475586,18.491544723510746,33.93931579589844
2022-02-28 05:00:00,81.8943099975586,19.69957733154297,33.86420822143555
2022-03-01 05:00:00,80.63168334960938,19.509334564208984,33.87175750732422
2022-03-02 05:00:00,80.4576644897461,19.195436477661133,33.91698455810547
2022-03-03 05:00:00,80.10967254638672,18.615198135375977,33.90944290161133
2022-03-04 05:00:00,78.38636016845703,18.47251510620117,33.856666564941406
2022-03-07 05:00:00,77.77323913574219,18.929100036621094,33.57774353027344
2022-03-08 05:00:00,78.45265197753906,20.232255935668945,33.4797248840332
2022-03-09 05:00:00,79.21487426757812,20.2893295288086,33.60036087036133
2022-03-10 05:00:00,79.33087158203125,20.003965377807617,33.44205093383789
2022-03-11 05:00:00,78.71774291992188,19.69957733154297,33.193260192871094
2022-03-14 04:00:00,78.55207061767578,18.98616981506348,33.148033142089844
2022-03-15 04:00:00,79.02434539794922,19.29055595397949,33.16311264038086
2022-03-16 04:00:00,80.63994598388672,19.80421257019043,33.4495735168457
2022-03-17 04:00:00,81.15361022949219,20.0515251159668,33.5702018737793
2022-03-18 04:00:00,80.82221221923828,20.11810874938965,33.65311813354492
2022-03-21 04:00:00,79.40544128417969,19.975431442260746,33.72853469848633
2022-03-22 04:00:00,79.26457977294922,20.25128173828125,33.74358367919922
2022-03-23 04:00:00,79.33087158203125,19.9373779296875,33.65311813354492
2022-03-24 04:00:00,79.64569091796875,20.25128173828125,33.690818786621094
2022-03-25 04:00:00,79.46343994140625,20.013477325439453,33.65311813354492
2022-03-28 04:00:00,80.23393249511719,20.099084854125977,33.75112533569336
2022-03-29 04:00:00,81.02104187011719,20.393962860107425,33.89436340332031
2022-03-30 04:00:00,81.07905578613281,20.346397399902344,33.90944290161133
2022-03-31 04:00:00,80.9962158203125,20.47005844116211,33.89436340332031
2022-04-01 04:00:00,81.28984069824219,20.58420181274414,33.93977355957031
2022-04-04 04:00:00,81.60589599609375,21.00273704528809,34.098690032958984
2022-04-05 04:00:00,80.29169464111328,20.94566535949707,34.03815460205078
2022-04-06 04:00:00,80.05047607421875,20.69835090637207,33.90951156616211
2022-04-07 04:00:00,79.81756591796875,20.45103454589844,33.97762680053711
2022-04-08 04:00:00,79.12718963623047,20.1942081451416,33.89436340332031
2022-04-11 04:00:00,78.18727111816406,19.98494338989257,33.735450744628906
2022-04-12 04:00:00,78.47840881347656,19.756650924682617,33.79599380493164
2022-04-13 04:00:00,78.67800903320312,20.003965377807617,33.93977355957031
2022-04-14 04:00:00,77.946044921875,19.766162872314453,33.87923049926758
2022-04-18 04:00:00,77.9044418334961,19.62348175048828,33.83382034301758
2022-04-19 04:00:00,77.59669494628906,20.03250312805176,33.901947021484375
2022-04-20 04:00:00,78.12904357910156,19.680553436279297,33.864105224609375
2022-04-21 04:00:00,77.4220199584961,18.719831466674805,33.87923049926758
2022-04-22 04:00:00,76.59855651855469,18.40593147277832,33.84895706176758
2022-04-25 04:00:00,77.49688720703125,18.40593147277832,33.87166213989258
2022-04-26 04:00:00,76.96456909179688,17.90178871154785,33.72789001464844
2022-04-27 04:00:00,76.7566146850586,18.120567321777344,33.720314025878906
2022-04-28 04:00:00,76.89803314208984,18.196664810180664,33.780845642089844
2022-04-29 04:00:00,75.59213256835938,17.920812606811523,33.6522216796875
2022-05-02 04:00:00,75.17789459228516,17.949352264404297,33.485076904296875
2022-05-03 04:00:00,75.4952621459961,18.234712600708008,33.530670166015625
2022-05-04 04:00:00,76.78968811035156,18.99567985534668,33.57623291015625
2022-05-05 04:00:00,75.63719940185547,18.253738403320312,33.50028991699219
2022-05-06 04:00:00,74.61837768554688,17.663986206054688,33.31796646118164
2022-05-09 04:00:00,73.95861053466797,16.60814094543457,33.067283630371094
2022-05-10 04:00:00,74.3260498046875,16.598630905151367,33.01410675048828
2022-05-11 04:00:00,74.65174865722656,16.11351203918457,32.61909484863281
2022-05-12 04:00:00,74.70186614990234,15.99936866760254,32.31523513793945
2022-05-13 04:00:00,74.57661437988281,16.77935791015625,32.558326721191406
2022-05-16 04:00:00,74.17575073242188,16.64619255065918,32.581111907958984
2022-05-17 04:00:00,74.4429931640625,17.350088119506836,32.81660842895508
2022-05-18 04:00:00,73.96695709228516,17.273990631103516,32.581111907958984
2022-05-19 04:00:00,74.36785125732422,17.939838409423828,32.54314422607422
2022-05-20 04:00:00,74.85220336914062,18.034955978393555,32.52793884277344
2022-05-23 04:00:00,74.90231323242188,18.253738403320312,32.47474670410156
2022-05-24 04:00:00,75.5536880493164,17.987398147583008,32.42159652709961
2022-05-25 04:00:00,76.22179412841797,18.24422645568848,32.436771392822266
2022-05-26 04:00:00,76.47233581542969,18.7008056640625,32.73303985595703
2022-05-27 04:00:00,76.59761810302734,19.15738677978516,32.81660842895508
2022-05-31 04:00:00,76.205078125,18.91007232666016,32.67985916137695
2022-06-01 04:00:00,76.06682586669922,18.691293716430664,32.76374816894531
2022-06-02 04:00:00,76.80439758300781,19.45226287841797,32.878170013427734
2022-06-03 04:00:00,76.28475189208984,19.3000717163086,32.85527420043945
2022-06-06 04:00:00,75.27886962890625,19.680553436279297,32.93155288696289
2022-06-07 04:00:00,75.72312927246094,19.85177421569824,33.00782012939453
2022-06-08 04:00:00,74.97713470458984,19.604455947875977,32.992557525634766
2022-06-09 04:00:00,74.35688018798828,19.068134307861328,32.82478332519531
2022-06-10 04:00:00,73.10794830322266,18.723358154296875,32.64173889160156
2022-06-13 04:00:00,71.1717300415039,17.650714874267578,31.871450424194336
2022-06-14 04:00:00,71.1381607055664,17.449596405029297,32.22226333618164
2022-06-15 04:00:00,73.2672119140625,17.870990753173828,32.351924896240234
2022-06-16 04:00:00,71.64108276367188,17.210163116455078,32.21464920043945
2022-06-17 04:00:00,72.02666473388672,17.832683563232422,32.22990036010742
2022-06-21 04:00:00,71.81712341308594,18.273231506347656,32.260406494140625
2022-06-22 04:00:00,71.92608642578125,18.158302307128903,32.13075637817383
2022-06-23 04:00:00,72.40386199951172,18.50308418273925,32.03160858154297
2022-06-24 04:00:00,72.49606323242188,18.58927726745605,32.191768646240234
2022-06-27 04:00:00,71.5069808959961,18.84786033630371,32.092620849609375
2022-06-28 04:00:00,70.96214294433594,18.34026908874512,32.0011100769043
2022-06-29 04:00:00,71.22197723388672,17.938030242919922,31.955347061157227
2022-06-30 04:00:00,71.5153579711914,18.24449920654297,31.75705337524414
2022-07-01 04:00:00,72.5179214477539,18.50308418273925,31.87957763671875
2022-07-05 04:00:00,71.94549560546875,18.23492431640625,31.76470947265625
2022-07-06 04:00:00,71.36470794677734,18.158302307128903,31.749391555786133
2022-07-07 04:00:00,71.57515716552734,18.90532493591309,31.795352935791016
2022-07-08 04:00:00,71.23841094970703,19.144752502441406,31.8030014038086
2022-07-11 04:00:00,70.64076232910156,18.627586364746094,31.72641372680664
2022-07-12 04:00:00,70.43875885009766,18.292383193969727,31.810659408569336
2022-07-13 04:00:00,70.15254211425781,18.39773368835449,31.90255546569824
2022-07-14 04:00:00,68.92357635498047,18.32111549377441,31.87192344665528
2022-07-15 04:00:00,69.61383056640625,18.014646530151367,32.055702209472656
2022-07-18 04:00:00,69.6474838256836,18.37858009338379,32.12462615966797
2022-07-19 04:00:00,70.66600799560547,18.71377944946289,32.4692268371582
2022-07-20 04:00:00,71.22158813476562,18.819129943847656,32.45392227172852
2022-07-21 04:00:00,71.61722564697266,18.780820846557617,32.58409118652344
2022-07-22 04:00:00,72.40006256103516,18.675472259521484,32.46157455444336
2022-07-25 04:00:00,72.45057678222656,18.91490173339844,32.4998664855957
2022-07-26 04:00:00,71.77715301513672,18.618013381958008,32.39265441894531
2022-07-27 04:00:00,72.86302185058594,19.499113082885746,32.4998664855957
2022-07-28 04:00:00,73.80579376220703,20.8686466217041,32.553466796875
2022-07-29 04:00:00,74.0920181274414,21.347501754760746,32.561126708984375
2022-08-01 04:00:00,74.42667388916016,21.0793399810791,32.63032531738281
2022-08-02 04:00:00,73.344970703125,21.347501754760746,32.58420181274414
2022-08-03 04:00:00,74.75625610351562,20.897375106811523,32.707244873046875
2022-08-04 04:00:00,74.91680908203125,21.29961395263672,32.976417541503906
2022-08-05 04:00:00,74.76466369628906,21.46242904663086,33.061004638671875
2022-08-08 04:00:00,75.87176513671875,21.55820083618164,33.19174575805664
2022-08-09 04:00:00,74.60413360595703,21.63481712341309,33.16097640991211
2022-08-10 04:00:00,75.93934631347656,22.61168670654297,33.33784866333008
2022-08-11 04:00:00,75.62667846679688,22.29564094543457,33.38399887084961
2022-08-12 04:00:00,76.20134735107422,22.55422592163086,33.41475296020508
2022-08-15 04:00:00,76.05767059326172,22.52549171447754,33.41475296020508
2022-08-16 04:00:00,75.39852142333984,22.23817443847656,33.41475296020508
2022-08-17 04:00:00,74.57032012939453,22.15198135375977,33.19174575805664
2022-08-18 04:00:00,74.48583221435547,22.19986915588379,33.230194091796875
2022-08-19 04:00:00,73.35340881347656,21.58693122863769,33.145591735839844
2022-08-22 04:00:00,72.81253051757812,21.25172996520996,32.884124755859375
2022-08-23 04:00:00,73.58157348632812,21.29003524780273,32.968711853027344
2022-08-24 04:00:00,73.51396942138672,21.7114315032959,33.053306579589844
2022-08-25 04:00:00,74.29146575927734,22.16155815124512,33.122520446777344
2022-08-26 04:00:00,73.13369750976562,21.65397071838379,32.95332717895508
2022-08-29 04:00:00,72.69422149658203,21.41454315185547,33.01486587524414
2022-08-30 04:00:00,72.66889190673828,21.203842163085938,32.96104049682617
2022-08-31 04:00:00,72.08580017089844,21.24215316772461,32.937950134277344
2022-09-01 04:00:00,71.90933990478516,20.8686466217041,32.76024627685547
2022-09-02 04:00:00,72.163818359375,20.53344345092773,32.71389389038086
2022-09-06 04:00:00,71.5022201538086,20.753719329833984,32.65207290649414
2022-09-07 04:00:00,72.58790588378906,21.75931930541992,32.79114532470703
2022-09-08 04:00:00,72.61335754394531,21.902978897094727,32.76797866821289
2022-09-09 04:00:00,73.05440521240234,21.96043968200684,32.891597747802734
2022-09-12 04:00:00,73.02896881103516,22.113676071166992,32.9147834777832
2022-09-13 04:00:00,71.90933990478516,21.52946853637696,32.61344146728516
2022-09-14 04:00:00,71.85844421386719,21.86466789245605,32.64435195922852
2022-09-15 04:00:00,71.80757904052734,21.25172996520996,32.65207290649414
2022-09-16 04:00:00,71.41739654541016,21.17511558532715,32.53617858886719
2022-09-19 04:00:00,71.67185974121094,21.11764907836914,32.55165100097656
2022-09-20 04:00:00,71.01028442382812,20.48555374145508,32.38936996459961
2022-09-21 04:00:00,70.80669403076172,20.380210876464844,32.40483856201172
2022-09-22 04:00:00,70.33171844482422,19.7385368347168,32.3198356628418
2022-09-23 04:00:00,69.4835205078125,19.173484802246094,32.003055572509766
2022-09-26 04:00:00,67.8465347290039,18.70420455932617,31.93350601196289
2022-09-27 04:00:00,66.76084899902344,18.828706741333008,31.786710739135746
2022-09-28 04:00:00,68.36392974853516,19.125598907470703,31.910324096679688
2022-09-29 04:00:00,67.4987564086914,18.292383193969727,31.66308212280273
2022-09-30 04:00:00,67.34608459472656,18.28281021118164,31.578100204467773
2022-10-03 04:00:00,68.36953735351562,18.84786033630371,31.73345947265625
2022-10-04 04:00:00,69.65632629394531,19.4416446685791,32.10634231567383
2022-10-05 04:00:00,68.6678237915039,18.665895462036133,32.09857177734375
2022-10-06 04:00:00,68.40363311767578,18.16788101196289,32.137413024902344
2022-10-07 04:00:00,67.48332214355469,17.650714874267578,31.982051849365234
2022-10-10 04:00:00,67.28728485107422,17.574098587036133,31.873289108276367
2022-10-11 04:00:00,67.23616790771484,17.392133712768555,31.865516662597656
2022-10-12 04:00:00,66.99755859375,16.951583862304688,31.73345947265625
2022-10-13 04:00:00,66.79304504394531,17.14312744140625,31.67131233215332
2022-10-14 04:00:00,66.29879760742188,16.79834747314453,31.64801597595215
2022-10-17 04:00:00,66.66522216796875,17.104816436767578,31.811147689819336
2022-10-18 04:00:00,67.37249755859375,17.545364379882812,31.9121322631836
2022-10-19 04:00:00,66.36697387695312,17.028202056884766,31.81891632080078
2022-10-20 04:00:00,65.6937255859375,16.88454246520996,31.803367614746094
2022-10-21 04:00:00,66.41807556152344,17.181434631347656,31.88883209228516
2022-10-24 04:00:00,66.37548828125,17.047351837158203,31.88883209228516
2022-10-25 04:00:00,67.52589416503906,17.55494499206543,31.97427558898925
2022-10-26 04:00:00,67.96903228759766,18.014646530151367,31.9354248046875
2022-10-27 04:00:00,68.12242889404297,18.100839614868164,31.8966007232666
2022-10-28 04:00:00,68.2928695678711,18.072111129760746,32.18402099609375
2022-10-31 04:00:00,67.23616790771484,18.091264724731445,32.11410903930664
2022-11-01 04:00:00,68.53092193603516,18.119997024536133,32.106300354003906
2022-11-02 04:00:00,68.00855255126953,17.84225845336914,31.996910095214844
2022-11-03 04:00:00,67.768798828125,18.21576690673828,31.926576614379883
2022-11-04 04:00:00,68.85631561279297,18.3498477935791,32.12192153930664
2022-11-07 05:00:00,68.83062744140625,18.158302307128903,32.176612854003906
2022-11-08 05:00:00,69.31016540527344,18.598852157592773,32.18442916870117
2022-11-09 05:00:00,68.37677764892578,18.512659072875977,32.03597640991211
2022-11-10 05:00:00,71.51946258544922,19.78642463684082,32.41883850097656
2022-11-11 05:00:00,71.5023422241211,19.585304260253903,32.512603759765625
2022-11-14 05:00:00,70.89433288574219,19.412914276123047,32.3094482421875
2022-11-15 05:00:00,72.23020935058594,19.76726722717285,32.395389556884766
2022-11-16 05:00:00,72.23020935058594,19.55657196044922,32.364139556884766
2022-11-17 05:00:00,71.57940673828125,19.65234375,32.34070587158203
2022-11-18 05:00:00,71.57940673828125,19.623613357543945,32.379783630371094
2022-11-21 05:00:00,71.58796691894531,19.47995376586914,32.26256561279297
2022-11-22 05:00:00,72.33296203613281,19.728960037231445,32.364139556884766
2022-11-23 05:00:00,72.80392456054688,19.939659118652344,32.41883850097656
2022-11-25 05:00:00,73.13790893554688,19.920503616333008,32.41883850097656
2022-11-28 05:00:00,72.84673309326172,19.55657196044922,32.3094482421875
2022-11-29 05:00:00,73.18070983886719,19.45122337341309,32.34852600097656
2022-11-30 05:00:00,74.01131439208984,20.265281677246094,32.41102981567383
2022-12-01 05:00:00,75.48055267333984,20.0737361907959,32.521053314208984
2022-12-02 05:00:00,75.16246032714844,20.37063217163086,32.505340576171875
2022-12-05 05:00:00,74.01046752929688,20.112049102783203,32.47390365600586
2022-12-06 05:00:00,73.60643005371094,19.690650939941406,32.269561767578125
2022-12-07 05:00:00,74.67243957519531,19.614032745361328,32.23026657104492
2022-12-08 05:00:00,74.53487396240234,19.76726722717285,32.269561767578125
2022-12-09 05:00:00,74.0190658569336,19.70980453491211,32.3088493347168
2022-12-12 05:00:00,74.29418182373047,19.89177322387696,32.41887664794922
2022-12-13 05:00:00,75.00772094726562,20.127779006958008,32.4896125793457
2022-12-14 05:00:00,74.89594268798828,20.358028411865234,32.47390365600586
2022-12-15 05:00:00,74.49893188476562,19.935903549194336,32.4503173828125
2022-12-16 05:00:00,74.1105728149414,19.5809326171875,32.37173080444336
2022-12-19 05:00:00,73.70494079589844,19.36986923217773,32.38753890991211
2022-12-20 05:00:00,73.33383178710938,19.341089248657227,32.3480110168457
2022-12-21 05:00:00,74.29180908203125,19.619308471679688,32.49821090698242
2022-12-22 05:00:00,73.91207885742188,19.283525466918945,32.49821090698242
2022-12-23 05:00:00,73.51506805419922,19.17799186706543,32.529823303222656
2022-12-27 05:00:00,73.07490539550781,18.95733642578125,32.42706680297852
2022-12-28 05:00:00,72.80736541748047,18.765459060668945,32.205718994140625
2022-12-29 05:00:00,73.36835479736328,19.062868118286133,32.30849838256836
2022-12-30 05:00:00,73.0058822631836,19.04368019104004,32.33219528198242
2023-01-03 05:00:00,73.3251953125,18.83261680603028,32.52192687988281
2023-01-04 05:00:00,74.22276306152344,18.98611831665039,32.5456428527832
2023-01-05 05:00:00,73.54961395263672,18.592771530151367,32.680030822753906
2023-01-06 05:00:00,74.85279083251953,19.072460174560547,32.9013786315918
2023-01-09 05:00:00,74.7060775756836,19.23555374145508,33.04367446899414
2023-01-10 05:00:00,74.24002075195312,19.52336883544922,32.96462631225586
2023-01-11 05:00:00,75.0858383178711,20.08940315246582,33.05947494506836
2023-01-12 05:00:00,75.97477722167969,20.38681030273437,33.09900665283203
2023-01-13 05:00:00,75.79352569580078,20.358028411865234,33.17015075683594
2023-01-17 05:00:00,75.8712158203125,20.49234390258789,33.17806625366211
2023-01-18 05:00:00,76.76876068115234,20.252498626708984,33.11481475830078
2023-01-19 05:00:00,76.55301666259766,19.571338653564453,33.1306266784668
2023-01-20 05:00:00,76.38041687011719,19.76321601867676,33.162254333496094
2023-01-23 05:00:00,76.33722686767578,20.11818504333496,33.233394622802734
2023-01-24 05:00:00,76.67382049560547,19.964683532714844,33.233394622802734
2023-01-25 05:00:00,76.62205505371094,19.801589965820312,33.25710678100586
2023-01-26 05:00:00,76.62205505371094,19.791996002197266,33.31245040893555
2023-01-27 05:00:00,76.475341796875,19.6960563659668,33.249202728271484
2023-01-30 05:00:00,75.50011444091797,19.341089248657227,33.22548294067383
2023-01-31 05:00:00,75.8712158203125,19.89752960205078,33.272926330566406
2023-02-01 05:00:00,77.31071472167969,20.0989990234375,33.384254455566406
2023-02-02 05:00:00,77.5618896484375,19.974279403686523,33.48762512207031
2023-02-03 05:00:00,76.49658203125,19.45621490478516,33.40016174316406
2023-02-06 05:00:00,75.41390991210938,19.398651123046875,33.35245513916016
2023-02-07 05:00:00,75.48316192626953,19.389055252075195,33.4558219909668
2023-02-08 05:00:00,75.43987274169922,19.23555374145508,33.41606521606445
2023-02-09 05:00:00,74.9461898803711,18.909366607666016,33.3444938659668
2023-02-10 05:00:00,74.36589050292969,18.880586624145508,33.39220428466797
2023-02-13 05:00:00,74.57374572753906,19.062868118286133,33.376312255859375
2023-02-14 05:00:00,74.61705780029297,18.928556442260746,33.408111572265625
2023-02-15 05:00:00,74.40052032470703,19.33149147033692,33.36834716796875
2023-02-16 05:00:00,73.9155044555664,18.81343078613281,33.32858657836914
2023-02-17 05:00:00,73.94146728515625,18.82302474975586,33.272918701171875
2023-02-21 05:00:00,72.82418823242188,18.525615692138672,33.1854362487793
2023-02-22 05:00:00,73.10997772216797,18.448863983154297,33.1775016784668
2023-02-23 05:00:00,74.2792739868164,18.50642967224121,33.22520065307617
2023-02-24 05:00:00,73.76824951171875,18.161052703857425,33.1854362487793
2023-02-27 05:00:00,74.14068603515625,18.468053817749023,33.217262268066406
2023-02-28 05:00:00,73.828857421875,18.420085906982425,33.233158111572266
2023-03-01 05:00:00,73.34080505371094,18.68870735168457,33.17716598510742
2023-03-02 05:00:00,73.07109069824219,18.592771530151367,33.22515869140625
2023-03-03 05:00:00,74.19339752197266,18.976526260375977,33.34515380859375
2023-03-06 05:00:00,73.8976058959961,19.139617919921875,33.28915786743164
2023-03-07 05:00:00,73.59313201904297,18.93814849853516,33.2491569519043
2023-03-08 05:00:00,73.24507904052734,18.95733642578125,33.26514434814453
2023-03-09 05:00:00,73.26251220703125,18.66952133178711,33.16916275024414
2023-03-10 05:00:00,73.94979858398438,18.39130401611328,33.11316680908203
2023-03-13 04:00:00,73.8280029296875,18.48724174499512,32.64912796020508
2023-03-14 04:00:00,73.62788391113281,18.68870735168457,32.8011589050293
2023-03-15 04:00:00,73.8976058959961,18.24739456176757,32.56114196777344
2023-03-16 04:00:00,73.58441925048828,18.189830780029297,32.721134185791016
2023-03-17 04:00:00,73.25381469726562,17.575830459594727,32.56913375854492
2023-03-20 04:00:00,73.26251220703125,17.834861755371094,32.57714080810547
2023-03-21 04:00:00,73.78450012207031,18.237802505493164,32.817142486572266
2023-03-22 04:00:00,74.42830657958984,17.949987411499023,32.73713302612305
2023-03-23 04:00:00,74.69800567626953,18.08430290222168,32.69715118408203
2023-03-24 04:00:00,74.28911590576172,18.007549285888672,32.64113998413086
2023-03-27 04:00:00,73.97590637207031,18.0267391204834,32.72913360595703
2023-03-28 04:00:00,73.71492004394531,18.0267391204834,32.84914779663086
2023-03-29 04:00:00,74.07160186767578,18.3817081451416,33.0091438293457
2023-03-30 04:00:00,74.58491516113281,18.68870735168457,33.08915328979492
2023-03-31 04:00:00,75.06340026855469,18.976526260375977,33.16916275024414
2023-04-03 04:00:00,75.34471130371094,18.765459060668945,33.19330978393555
2023-04-04 04:00:00,75.44953155517578,18.66952133178711,33.17720413208008
2023-04-05 04:00:00,75.29231262207031,18.400894165039062,33.19330978393555
2023-04-06 04:00:00,75.21366882324219,18.43927001953125,33.24161911010742
2023-04-10 04:00:00,74.82051849365234,18.621553421020508,33.25774002075195
2023-04-11 04:00:00,74.89916229248047,18.67911720275879,33.314109802246094
2023-04-12 04:00:00,75.11756896972656,18.63114547729492,33.29799270629883
2023-04-13 04:00:00,75.1961898803711,18.98611831665039,33.38658142089844
2023-04-14 04:00:00,75.03893280029297,18.79424095153809,33.3382682800293
2023-04-17 04:00:00,74.55843353271484,19.101242065429688,33.38658142089844
2023-04-18 04:00:00,74.54093933105469,19.091651916503903,33.418792724609375
2023-04-19 04:00:00,74.18273162841797,18.976526260375977,33.33021926879883
2023-04-20 04:00:00,74.09536743164062,18.95733642578125,33.33021926879883
2023-04-21 04:00:00,74.10411834716797,18.995710372924805,33.37852478027344
2023-04-24 04:00:00,74.30506134033203,18.995710372924805,33.45906066894531
2023-04-25 04:00:00,74.75936889648438,18.621553421020508,33.36240768432617
2023-04-26 04:00:00,74.55843353271484,17.854049682617188,33.37047576904297
2023-04-27 04:00:00,74.57589721679688,18.17064476013184,33.434898376464844
2023-04-28 04:00:00,75.26609802246094,17.949987411499023,33.434898376464844
2023-05-01 04:00:00,74.52043914794922,17.76770782470703,33.467315673828125
2023-05-02 04:00:00,74.83625793457031,17.44151496887207,33.410579681396484
2023-05-03 04:00:00,75.07307434082031,17.422330856323242,33.38625717163086
2023-05-04 04:00:00,74.69589233398438,17.537456512451172,33.31329345703125
2023-05-05 04:00:00,74.90644073486328,17.87323760986328,33.37813186645508
2023-05-08 04:00:00,74.60816955566406,17.825267791748047,33.37003707885742
2023-05-09 04:00:00,74.5730972290039,17.719736099243164,33.37813186645508
2023-05-10 04:00:00,74.98538208007812,17.825267791748047,33.34571075439453
2023-05-11 04:00:00,75.22222137451172,17.748519897460938,33.27275085449219
2023-05-12 04:00:00,74.74852752685547,18.29536247253418,33.28895568847656
2023-05-15 04:00:00,74.42394256591797,18.458457946777344,33.361915588378906
2023-05-16 04:00:00,74.13447570800781,18.07470703125,33.256534576416016
2023-05-17 04:00:00,74.14321899414062,18.180238723754883,33.33761215209961
2023-05-18 04:00:00,73.84497833251953,17.969175338745117,33.32948684692383
2023-05-19 04:00:00,73.8362045288086,17.87323760986328,33.34571075439453
2023-05-22 04:00:00,73.82743835449219,18.06511306762696,33.37813186645508
2023-05-23 04:00:00,73.9151611328125,17.892425537109375,33.30517578125
2023-05-24 04:00:00,73.7923583984375,17.815675735473633,33.224098205566406
2023-05-25 04:00:00,73.599365234375,17.79648780822754,33.224098205566406
2023-05-26 04:00:00,73.90638732910156,17.748519897460938,33.31329345703125
2023-05-30 04:00:00,74.46780395507812,17.786893844604492,33.32948684692383
2023-05-31 04:00:00,74.37133026123047,17.59501838684082,33.32138442993164
2023-06-01 04:00:00,74.86725616455078,17.911611557006836,33.34588623046875
2023-06-02 04:00:00,74.75273132324219,18.007549285888672,33.50101852416992
2023-06-05 04:00:00,74.99940490722656,17.940393447875977,33.56633377075195
2023-06-06 04:00:00,75.13152313232422,17.949987411499023,33.615318298339844
2023-06-07 04:00:00,74.69107055664062,17.896867752075195,33.656158447265625
2023-06-08 04:00:00,75.11392211914062,17.945158004760742,33.72148513793945
2023-06-09 04:00:00,75.02578735351562,17.86789321899414,33.70513916015625
2023-06-12 04:00:00,75.4398422241211,18.0610580444336,33.79496383666992
2023-06-13 04:00:00,75.32530975341797,18.080371856689453,33.860286712646484
2023-06-14 04:00:00,75.48389434814453,17.935501098632812,33.835784912109375
2023-06-15 04:00:00,75.8714828491211,18.225250244140625,33.85211944580078
2023-06-16 04:00:00,75.57197570800781,18.119007110595703,33.884788513183594
2023-06-20 04:00:00,75.60723114013672,17.742334365844727,33.860286712646484
2023-06-21 04:00:00,76.00359344482422,17.645751953125,33.86845016479492
2023-06-22 04:00:00,75.71292114257812,17.462242126464844,33.91743087768555
2023-06-23 04:00:00,75.80101013183594,17.172494888305664,33.9011116027832
2023-06-26 04:00:00,76.0388412475586,17.21112632751465,33.909278869628906
2023-06-27 04:00:00,76.0388412475586,17.365659713745117,33.982757568359375
2023-06-28 04:00:00,76.0916976928711,17.413949966430664,34.08074188232422
2023-06-29 04:00:00,75.6865005493164,17.336685180664062,34.12971878051758
2023-06-30 04:00:00,76.23265838623047,17.77130889892578,34.1868782043457
2023-07-03 04:00:00,76.37948608398438,17.77130889892578,34.22799301147461
2023-07-05 04:00:00,75.99030303955078,17.49121856689453,34.21154022216797
2023-07-06 04:00:00,74.9024658203125,17.09522819519043,34.14576721191406
2023-07-07 04:00:00,74.81401062011719,17.298049926757812,34.1868782043457
2023-07-10 04:00:00,75.1324234008789,17.529848098754883,34.22799301147461
2023-07-11 04:00:00,75.60999298095703,17.59745979309082,34.27732467651367
2023-07-12 04:00:00,76.5121078491211,17.993450164794922,34.40065002441406
2023-07-13 04:00:00,77.34346771240234,18.24456596374512,34.425315856933594
2023-07-14 04:00:00,76.8924331665039,17.983793258666992,34.408878326416016
2023-07-17 04:00:00,77.00740814208984,18.389440536499023,34.39243698120117
2023-07-18 04:00:00,77.38771057128906,18.27354049682617,34.367759704589844
2023-07-19 04:00:00,77.17546081542969,18.33149147033692,34.367759704589844
2023-07-20 04:00:00,76.70670318603516,18.09003257751465,34.326656341552734
2023-07-21 04:00:00,76.94550323486328,18.09969139099121,34.367759704589844
2023-07-24 04:00:00,77.09586334228516,18.080371856689453,34.39243698120117
2023-07-25 04:00:00,76.99857330322266,18.09003257751465,34.417091369628906
2023-07-26 04:00:00,77.2462158203125,18.00310707092285,34.43354415893555
2023-07-27 04:00:00,76.5121078491211,17.578144073486328,34.39243698120117
2023-07-28 04:00:00,77.4407730102539,17.55882453918457,34.417091369628906
2023-07-31 04:00:00,77.54690551757812,17.655410766601562,34.48286437988281
2023-08-01 04:00:00,76.77259063720703,17.404293060302734,34.433189392089844
2023-08-02 04:00:00,76.22207641601562,16.689577102661133,34.375244140625
2023-08-03 04:00:00,75.57388305664062,16.641284942626953,34.375244140625
2023-08-04 04:00:00,76.57726287841797,16.51572608947754,34.408355712890625
2023-08-07 04:00:00,76.32862854003906,16.428804397583008,34.44147872924805
2023-08-08 04:00:00,76.52398681640625,16.40948486328125,34.44147872924805
2023-08-09 04:00:00,76.68384552001953,16.57367515563965,34.47458267211914
2023-08-10 04:00:00,76.39077758789062,16.361194610595703,34.52427291870117
2023-08-11 04:00:00,76.21322631835938,16.28392791748047,34.49114227294922
2023-08-14 04:00:00,75.60053253173828,16.274269104003906,34.50770950317383
2023-08-15 04:00:00,74.96118927001953,15.791353225708008,34.50770950317383
2023-08-16 04:00:00,74.8191146850586,15.61750316619873,34.49942779541016
2023-08-17 04:00:00,74.7569580078125,15.42433738708496,34.515987396240234
2023-08-18 04:00:00,74.73920440673828,15.414678573608398,34.549095153808594
2023-08-21 04:00:00,74.36625671386719,15.385704040527344,34.59878158569336
2023-08-22 04:00:00,74.57050323486328,15.33741283416748,34.6070556640625
2023-08-23 04:00:00,75.76921081542969,15.58852767944336,34.67329406738281
2023-08-24 04:00:00,75.25420379638672,15.318095207214355,34.63190078735352
2023-08-25 04:00:00,75.3696517944336,15.491945266723633,34.665008544921875
2023-08-28 04:00:00,75.60939025878906,15.540236473083496,34.747806549072266
2023-08-29 04:00:00,76.39077758789062,15.974862098693848,34.83059310913086
2023-08-30 04:00:00,76.18657684326172,15.627161979675291,34.84716033935547
2023-08-31 04:00:00,76.11550903320312,15.530577659606934,34.87199020385742
2023-09-01 04:00:00,75.9273681640625,15.520919799804688,34.922054290771484
2023-09-05 04:00:00,75.1872787475586,15.279461860656738,34.90538024902344
2023-09-06 04:00:00,75.07136535644531,15.018688201904297,34.87199020385742
2023-09-07 04:00:00,75.47261810302734,14.912445068359377,34.93040084838867
2023-09-08 04:00:00,75.5350341796875,14.922104835510254,34.938743591308594
2023-09-11 04:00:00,75.41915130615234,14.999370574951172,34.97213363647461
2023-09-12 04:00:00,75.47261810302734,15.095953941345217,34.98881149291992
2023-09-13 04:00:00,75.51720428466797,14.960738182067873,35.02219009399414
2023-09-14 04:00:00,75.54395294189453,15.327754974365234,35.03888320922852
2023-09-15 04:00:00,75.29427337646484,15.11527156829834,35.0472297668457
2023-09-18 04:00:00,75.33885955810547,14.902787208557127,35.08894729614258
2023-09-19 04:00:00,75.24970245361328,14.960738182067873,35.063926696777344
2023-09-20 04:00:00,75.1872787475586,14.989712715148926,35.063926696777344
2023-09-21 04:00:00,74.42933654785156,14.699963569641112,34.95543670654297
2023-09-22 04:00:00,74.73250579833984,14.5744047164917,34.98046875
2023-09-25 04:00:00,74.30452728271484,14.468161582946776,34.97213363647461
2023-09-26 04:00:00,73.81407165527344,14.178415298461914,34.93040084838867
2023-09-27 04:00:00,73.49308013916016,14.091489791870115,34.93040084838867
2023-09-28 04:00:00,73.6624984741211,14.120464324951172,34.95543670654297
2023-09-29 04:00:00,73.58223724365234,14.120464324951172,34.98881149291992
2023-10-02 04:00:00,72.77896881103516,13.579597473144531,34.929954528808594
2023-10-03 04:00:00,71.96403503417969,13.202923774719238,34.80381774902344
2023-10-04 04:00:00,72.30432891845703,13.280189514160156,34.80381774902344
2023-10-05 04:00:00,72.27747344970703,13.144973754882812,34.77017974853516
2023-10-06 04:00:00,72.30432891845703,13.347796440124512,34.82063674926758
2023-10-09 04:00:00,72.66254425048828,13.347796440124512,34.88790512084961
2023-10-10 04:00:00,72.77896881103516,13.859689712524414,34.955177307128906
2023-10-11 04:00:00,73.3700180053711,13.994906425476074,34.98881149291992
2023-10-12 04:00:00,72.59986114501953,13.64720630645752,34.963600158691406
2023-10-13 04:00:00,72.80581665039062,13.521648406982422,35.0224609375
2023-10-16 04:00:00,72.7252197265625,13.724472045898438,35.05608367919922
2023-10-17 04:00:00,72.37596130371094,13.81139850616455,35.030860900878906
2023-10-18 04:00:00,71.91030883789062,13.46369743347168,34.997215270996094
2023-10-19 04:00:00,71.3819580078125,13.24155616760254,34.913124084472656
2023-10-20 04:00:00,71.77597045898438,12.845566749572754,34.929954528808594
2023-10-23 04:00:00,72.18791961669922,12.787614822387695,34.929954528808594
2023-10-24 04:00:00,72.76104736328125,13.029074668884276,34.98040008544922
2023-10-25 04:00:00,72.21478271484375,12.75864028930664,34.90473175048828
2023-10-26 04:00:00,72.50133514404297,12.855224609375,34.871089935302734
2023-10-27 04:00:00,72.53716278076172,12.44957447052002,34.84587478637695
2023-10-30 04:00:00,72.7252197265625,12.420598030090332,34.94676971435547
2023-10-31 04:00:00,72.70733642578125,12.565474510192873,34.9383659362793
2023-11-01 04:00:00,73.66263580322266,12.430257797241213,34.98920822143555
2023-11-02 04:00:00,74.40023803710938,12.86488151550293,35.14173889160156
2023-11-03 04:00:00,75.12885284423828,13.202923774719238,35.20105743408203
2023-11-06 05:00:00,74.50816345214844,13.019414901733398,35.251895904541016
2023-11-07 05:00:00,74.76005554199219,12.94214916229248,35.251895904541016
2023-11-08 05:00:00,74.90398406982422,12.748982429504396,35.251895904541016
2023-11-09 05:00:00,74.13937377929688,12.623424530029297,35.234962463378906
2023-11-10 05:00:00,74.46319580078125,12.565474510192873,35.260372161865234
2023-11-13 05:00:00,74.06739807128906,12.565474510192873,35.26884078979492
2023-11-14 05:00:00,75.3537368774414,13.51198959350586,35.33665466308594
2023-11-15 05:00:00,74.88597869873047,13.579597473144531,35.32816696166992
2023-11-16 05:00:00,75.50666046142578,13.425064086914062,35.32816696166992
2023-11-17 05:00:00,75.74951934814453,13.51198959350586,35.362056732177734
2023-11-20 05:00:00,76.22628021240234,13.763105392456056,35.387489318847656
2023-11-21 05:00:00,76.22628021240234,13.49267292022705,35.35358810424805
2023-11-22 05:00:00,76.60408020019531,13.444380760192873,35.37900924682617
2023-11-24 05:00:00,76.45115661621094,13.40574836730957,35.370540618896484
2023-11-27 05:00:00,76.78398895263672,13.299506187438965,35.37900924682617
2023-11-28 05:00:00,77.17979431152344,13.473356246948242,35.387489318847656
2023-11-29 05:00:00,77.79147338867188,13.618231773376465,35.438323974609375
2023-11-30 05:00:00,77.24275970458984,13.724472045898438,35.455284118652344
2023-12-01 05:00:00,78.4275131225586,14.091489791870115,35.46381759643555
2023-12-04 05:00:00,77.88570404052734,14.043197631835938,35.49797439575195
2023-12-05 05:00:00,78.33721160888672,13.898323059082031,35.52358627319336
2023-12-06 05:00:00,78.77068328857422,13.724472045898438,35.5577507019043
2023-12-07 05:00:00,78.68939971923828,13.763105392456056,35.5919075012207
2023-12-08 05:00:00,78.4184799194336,13.608572959899902,35.63459777832031
2023-12-11 05:00:00,78.29204559326172,13.64720630645752,35.60900115966797
2023-12-12 05:00:00,78.4546127319336,13.415406227111816,35.63459777832031
2023-12-13 05:00:00,79.75494384765625,13.994906425476074,35.711456298828125
2023-12-14 05:00:00,80.583740234375,14.670988082885742,35.848079681396484
2023-12-15 05:00:00,80.47492980957031,14.777229309082031,35.848079681396484
2023-12-18 05:00:00,80.49308013916016,14.5744047164917,35.856693267822266
2023-12-19 05:00:00,80.69255065917969,14.970396041870115,35.9083366394043
2023-12-20 05:00:00,80.70160675048828,14.496273040771484,35.9083366394043
2023-12-21 05:00:00,80.84671020507812,14.963581085205078,35.977195739746094
2023-12-22 05:00:00,80.73786926269531,14.983052253723145,36.054649353027344
2023-12-26 05:00:00,81.02806091308594,15.187499046325684,36.063270568847656
2023-12-27 05:00:00,81.31820678710938,15.226442337036133,36.11490249633789
2023-12-28 05:00:00,81.09153747558594,15.314061164855955,36.080474853515625
2023-12-29 05:00:00,80.75603485107422,15.158291816711426,36.08908462524414
2024-01-02 05:00:00,79.95806884765625,14.983052253723145,36.08908462524414
2024-01-03 05:00:00,79.64979553222656,14.64230728149414,36.02023696899414
2024-01-04 05:00:00,79.28707885742188,14.457330703735352,35.96858596801758
2024-01-05 05:00:00,79.04225158691406,14.408653259277344,36.01162338256836
2024-01-08 05:00:00,79.1419906616211,14.50600814819336,36.080474853515625
2024-01-09 05:00:00,78.83370971679688,14.457330703735352,36.080474853515625
2024-01-10 05:00:00,79.3958740234375,14.457330703735352,36.09768295288086
2024-01-11 05:00:00,80.11223602294922,14.262619018554688,36.10630416870117
2024-01-12 05:00:00,80.25731658935547,14.15552806854248,36.12350845336914
2024-01-16 05:00:00,79.51376342773438,13.659013748168944,36.13212203979492
2024-01-17 05:00:00,79.21452331542969,13.347475051879885,36.09768295288086
2024-01-18 05:00:00,79.296142578125,13.405888557434082,36.10630416870117
2024-01-19 05:00:00,79.33241271972656,13.396153450012209,36.11490249633789
2024-01-22 05:00:00,79.38683319091797,13.532450675964355,36.14072799682617
2024-01-23 05:00:00,78.978759765625,13.697956085205078,36.14933776855469
2024-01-24 05:00:00,78.76114654541016,13.571393013000488,36.11490249633789
2024-01-25 05:00:00,79.32335662841797,13.629807472229004,36.15793991088867
2024-01-26 05:00:00,79.44120788574219,13.503244400024414,36.14933776855469
2024-01-29 05:00:00,79.74046325683594,13.697956085205078,36.18376159667969
2024-01-30 05:00:00,79.92181396484375,13.493508338928224,36.16655349731445
2024-01-31 05:00:00,79.7767333984375,13.444831848144531,36.11490249633789
2024-02-01 05:00:00,80.44781494140625,13.87319564819336,36.15827178955078
2024-02-02 05:00:00,79.80131530761719,13.610334396362305,36.14960479736328
2024-02-05 05:00:00,79.12751770019531,13.30853271484375,36.11489868164063
2024-02-06 05:00:00,79.84683990478516,13.542186737060549,36.18428802490234
2024-02-07 05:00:00,79.73757934570312,13.882932662963867,36.18428802490234
2024-02-08 05:00:00,79.63739776611328,13.805047988891602,36.18428802490234
2024-02-09 05:00:00,79.66474151611328,14.00949478149414,36.20164108276367
2024-02-12 05:00:00,79.73757934570312,14.252884864807127,36.192962646484375
2024-02-13 05:00:00,78.75416564941406,13.746633529663086,36.14960479736328
2024-02-14 05:00:00,79.2914047241211,14.126320838928224,36.21897506713867
2024-02-15 05:00:00,79.9378890991211,14.340503692626951,36.27968978881836
2024-02-16 05:00:00,79.39155578613281,14.126320838928224,36.30571365356445
2024-02-20 05:00:00,79.3824462890625,13.931610107421877,36.31438446044922
2024-02-21 05:00:00,79.31871795654297,13.775839805603027,36.34041213989258
2024-02-22 05:00:00,79.81952667236328,13.464301109313965,36.40979766845703
2024-02-23 05:00:00,80.26570892333984,13.31826877593994,36.40979766845703
2024-02-26 05:00:00,80.03807067871094,13.328003883361816,36.4184684753418
2024-02-27 05:00:00,79.9652099609375,13.464301109313965,36.44448852539063
2024-02-28 05:00:00,80.12910461425781,13.31826877593994,36.435813903808594
2024-02-29 05:00:00,80.40227508544922,13.542186737060549,36.46183013916016
2024-03-01 05:00:00,80.87419128417969,13.756369590759276,36.4827880859375
2024-03-04 05:00:00,80.80101776123047,13.542186737060549,36.50899124145508
2024-03-05 05:00:00,80.97478485107422,13.503244400024414,36.51772689819336
2024-03-06 05:00:00,81.27659606933594,13.707691192626951,36.57012939453125
2024-03-07 05:00:00,81.49609375,13.892667770385742,36.58759689331055
2024-03-08 05:00:00,81.58753967285156,13.960816383361816,36.613800048828125
2024-03-11 04:00:00,81.45951843261719,13.94134521484375,36.613800048828125
2024-03-12 04:00:00,81.3497543334961,13.571393013000488,36.64874267578125
2024-03-13 04:00:00,81.43206787109375,13.337738990783691,36.657474517822266
2024-03-14 04:00:00,81.02052307128906,13.15276336669922,36.657474517822266
2024-03-15 04:00:00,80.76444244384766,13.065143585205078,36.66621780395508
2024-03-18 04:00:00,80.81016540527344,13.133293151855469,36.674949645996094
2024-03-19 04:00:00,81.18514251708984,13.065143585205078,36.71861267089844
2024-03-20 04:00:00,81.56924438476562,13.35721206665039,36.73608016967773
2024-03-21 04:00:00,81.85274505615234,13.376681327819824,36.70988082885742
2024-03-22 04:00:00,82.11799621582031,13.328003883361816,36.60506439208984
2024-03-25 04:00:00,82.0539779663086,13.211176872253418,36.63126373291016
2024-03-26 04:00:00,82.04481506347656,13.113821029663086,36.63126373291016
2024-03-27 04:00:00,82.38320922851562,13.620071411132812,36.71861267089844
2024-03-28 04:00:00,82.00822448730469,13.610334396362305,36.77975463867188
2024-04-01 04:00:00,81.6556167602539,13.600600242614746,36.80350112915039
2024-04-02 04:00:00,81.69233703613281,13.376681327819824,36.794708251953125
2024-04-03 04:00:00,81.86680603027344,13.464301109313965,36.785911560058594
2024-04-04 04:00:00,81.83008575439453,13.454565048217772,36.71552658081055
2024-04-05 04:00:00,81.95865631103516,13.30853271484375,36.75071716308594
2024-04-08 04:00:00,81.98619842529297,13.405888557434082,36.82990646362305
2024-04-09 04:00:00,82.53717803955078,13.824518203735352,36.812313079833984
2024-04-10 04:00:00,81.23320770263672,13.444831848144531,36.7771110534668
2024-04-11 04:00:00,80.99442291259766,13.512980461120604,36.785911560058594
2024-04-12 04:00:00,80.76485443115234,13.172234535217283,36.74191284179688
2024-04-15 04:00:00,79.82817840576172,12.880167007446287,36.73311996459961
2024-04-16 04:00:00,79.58024597167969,12.714662551879885,36.70672607421875
2024-04-17 04:00:00,80.20469665527344,12.821754455566406,36.70672607421875
2024-04-18 04:00:00,80.14041137695312,12.753605842590332,36.75951766967773
2024-04-19 04:00:00,80.36998748779297,12.67572021484375,36.7771110534668
2024-04-22 04:00:00,80.80158996582031,12.782811164855955,36.83870315551758
2024-04-23 04:00:00,80.91178894042969,12.909375190734863,36.90909194946289
2024-04-24 04:00:00,80.33324432373047,12.792548179626465,36.935489654541016
2024-04-25 04:00:00,80.10368347167969,12.73413372039795,36.8826904296875
2024-04-26 04:00:00,80.45262908935547,12.880167007446287,36.935489654541016
2024-04-29 04:00:00,80.84748840332031,13.07487964630127,36.953086853027344
2024-04-30 04:00:00,80.03021240234375,12.880167007446287,36.935489654541016
2024-05-01 04:00:00,80.36309051513672,12.899638175964355,36.94612884521485
2024-05-02 04:00:00,81.01781463623047,13.16249942779541,37.03476333618164
2024-05-03 04:00:00,81.68173217773438,13.483774185180664,37.11453628540039
2024-05-06 04:00:00,81.91226196289062,13.542186737060549,37.15885925292969
2024-05-07 04:00:00,81.97682189941406,13.590864181518556,37.19432067871094
2024-05-08 04:00:00,81.67251586914062,13.483774185180664,37.15885925292969
2024-05-09 04:00:00,81.94915008544922,13.58112907409668,37.20318603515625
2024-05-10 04:00:00,81.75550842285156,13.474038124084473,37.17658615112305
2024-05-13 04:00:00,81.8385009765625,13.512980461120604,37.18545913696289
2024-05-14 04:00:00,82.02290344238281,13.736897468566896,37.17658615112305
2024-05-15 04:00:00,82.8804931640625,13.912137985229492,37.21205520629883
2024-05-16 04:00:00,82.60386657714844,13.87319564819336,37.20318603515625
2024-05-17 04:00:00,82.44711303710938,13.78557586669922,37.22977828979492
2024-05-20 04:00:00,82.4563217163086,13.775839805603027,37.24751281738281
2024-05-21 04:00:00,82.52086639404297,13.892667770385742,37.25636672973633
2024-05-22 04:00:00,82.25344848632812,14.398916244506836,37.25636672973633
2024-05-23 04:00:00,81.69096374511719,14.184734344482422,37.2386474609375
2024-05-24 04:00:00,82.01371002197266,14.525479316711426,37.29182815551758
2024-05-28 04:00:00,81.52499389648438,14.681248664855955,37.282962799072266
2024-05-29 04:00:00,81.22988891601562,14.437858581542969,37.25636672973633
2024-05-30 04:00:00,81.71861267089844,14.64230728149414,37.27408981323242
2024-05-31 04:00:00,82.1151123046875,14.57415771484375,37.30955505371094
2024-06-03 04:00:00,82.48826599121094,14.681248664855955,37.32294464111328
2024-06-04 04:00:00,82.5438232421875,14.544950485229492,37.331878662109375
2024-06-05 04:00:00,82.76603698730469,14.66177749633789,37.34080505371094
2024-06-06 04:00:00,82.57161712646484,14.515745162963867,37.349727630615234
2024-06-07 04:00:00,81.92347717285156,14.145792007446287,37.349727630615234
2024-06-10 04:00:00,81.90496826171875,14.389182090759276,37.37652206420898
2024-06-11 04:00:00,82.21975708007812,14.43425750732422,37.36759948730469
2024-06-12 04:00:00,82.5438232421875,14.571447372436523,37.38544845581055
2024-06-13 04:00:00,82.76603698730469,14.375462532043455,37.34080505371094
2024-06-14 04:00:00,82.66419982910156,14.052087783813477,37.2158088684082
2024-06-17 04:00:00,82.41419219970703,13.836504936218262,37.287227630615234
2024-06-18 04:00:00,82.96047973632812,13.856103897094728,37.287227630615234
2024-06-20 04:00:00,82.6549301147461,13.669918060302734,37.26938247680664
2024-06-21 04:00:00,82.75678253173828,13.63072109222412,37.26044845581055
2024-06-24 04:00:00,82.79380798339844,13.76791000366211,37.287227630615234
2024-06-25 04:00:00,82.7845687866211,13.51313018798828,37.30509185791016
2024-06-26 04:00:00,82.50678253173828,13.434737205505373,37.29615783691406
2024-06-27 04:00:00,82.58084869384766,13.493532180786133,37.31401824951172
2024-06-28 04:00:00,81.92347717285156,13.052566528320312,37.32294464111328
2024-07-01 04:00:00,81.59894561767578,13.042768478393556,37.376914978027344
2024-07-02 04:00:00,81.99879455566406,12.993772506713867,37.40389251708984
2024-07-03 04:00:00,82.64042663574219,13.317146301269531,37.42187881469727
2024-07-05 04:00:00,83.17977142333984,13.33674430847168,37.475833892822266
2024-07-08 04:00:00,83.16117858886719,13.42493724822998,37.46683883666992
2024-07-09 04:00:00,82.90080261230469,13.42493724822998,37.484840393066406
2024-07-10 04:00:00,83.29136657714844,13.581725120544434,37.49382019042969
2024-07-11 04:00:00,83.77489471435547,13.954094886779783,37.484840393066406
2024-07-12 04:00:00,83.93299102783203,14.120682716369627,37.52080535888672
2024-07-15 04:00:00,83.58892059326172,13.571927070617676,37.53879928588867
2024-07-16 04:00:00,83.96089935302734,13.80710792541504,37.56577301025391
2024-07-17 04:00:00,83.66333770751953,13.522930145263672,37.55677032470703
2024-07-18 04:00:00,83.22625732421875,13.473934173583984,37.56577301025391
2024-07-19 04:00:00,83.00309753417969,13.395540237426758,37.57476806640625
2024-07-22 04:00:00,83.37506103515625,13.552327156066896,37.59275436401367
2024-07-23 04:00:00,83.40294647216797,13.454334259033203,37.57476806640625
2024-07-24 04:00:00,82.86361694335938,13.640520095825195,37.53879928588867
2024-07-25 04:00:00,83.00309753417969,13.650320053100586,37.484840393066406
2024-07-26 04:00:00,83.46804809570312,13.826704978942873,37.5028190612793
2024-07-29 04:00:00,83.60752868652344,13.709115028381348,37.511810302734375
2024-07-30 04:00:00,83.71910858154297,13.650320053100586,37.5028190612793
2024-07-31 04:00:00,84.10966491699219,13.865901947021484,37.54778671264648
2024-08-01 04:00:00,84.06391906738281,13.699315071105955,37.50521087646485
2024-08-02 04:00:00,84.62427520751953,13.66011905670166,37.36026382446289
2024-08-05 04:00:00,83.76506042480469,13.209354400634766,37.07941818237305
2024-08-06 04:00:00,83.48487091064453,13.277949333190918,37.27872848510742
2024-08-07 04:00:00,83.66230773925781,13.405339241027832,37.30590438842773
2024-08-08 04:00:00,84.05455017089844,13.63072109222412,37.459903717041016
2024-08-09 04:00:00,84.42813873291016,13.571927070617676,37.43273162841797
2024-08-12 04:00:00,84.52155303955078,13.542527198791504,37.46897506713867
2024-08-13 04:00:00,84.97915649414062,13.875701904296877,37.47803497314453
2024-08-14 04:00:00,85.16596221923828,13.7777099609375,37.523319244384766
2024-08-15 04:00:00,85.137939453125,13.905098915100098,37.56862258911133
2024-08-16 04:00:00,85.4834976196289,13.885501861572266,37.62298202514648
2024-08-19 04:00:00,85.74501037597656,14.0814847946167,37.67733383178711
2024-08-20 04:00:00,85.95046997070312,13.924697875976562,37.70451354980469
2024-08-21 04:00:00,86.20263671875,13.98349380493164,37.74074935913086
2024-08-22 04:00:00,85.4834976196289,13.76791000366211,37.70451354980469
2024-08-23 04:00:00,86.40809631347656,14.159879684448242,37.795108795166016
2024-08-26 04:00:00,86.23065185546875,14.120682716369627,37.831336975097656
2024-08-27 04:00:00,86.11856842041016,14.061887741088867,37.831336975097656
2024-08-28 04:00:00,85.97847747802734,13.98349380493164,37.84039688110352
2024-08-29 04:00:00,85.94111633300781,13.89530086517334,37.87663269042969
2024-08-30 04:00:00,86.0158462524414,14.003091812133787,37.912872314453125
2024-09-03 04:00:00,85.67640686035156,13.63072109222412,37.85171508789063
2024-09-04 04:00:00,86.06083679199219,13.80710792541504,37.85171508789063
2024-09-05 04:00:00,86.38904571533203,13.89530086517334,37.9064826965332
2024-09-06 04:00:00,86.19213104248047,13.611123085021973,37.88822937011719
2024-09-09 04:00:00,86.42655181884766,13.591524124145508,37.95211791992188
2024-09-10 04:00:00,86.49219512939453,13.601324081420898,37.9429931640625
2024-09-11 04:00:00,86.71724700927734,14.0814847946167,37.97037124633789
2024-09-12 04:00:00,86.85787963867188,13.98349380493164,37.9886360168457
2024-09-13 04:00:00,87.251708984375,14.159879684448242,38.01601409912109
2024-09-16 04:00:00,87.78620910644531,14.257872581481934,38.052520751953125
2024-09-17 04:00:00,87.7674331665039,14.365662574768066,38.070777893066406
2024-09-18 04:00:00,87.51426696777344,14.31666660308838,38.070777893066406
2024-09-19 04:00:00,87.89871215820312,14.238272666931152,38.0981559753418
2024-09-20 04:00:00,87.72992706298828,14.0814847946167,38.10728454589844
2024-09-23 04:00:00,87.47675323486328,14.189276695251465,38.13467025756836
2024-09-24 04:00:00,87.58929443359375,14.31666660308838,38.08903503417969
2024-09-25 04:00:00,87.32672882080078,14.159879684448242,38.070777893066406
2024-09-26 04:00:00,87.44864654541016,14.395059585571287,38.0981559753418
2024-09-27 04:00:00,87.5986557006836,14.473455429077148,38.0981559753418
2024-09-30 04:00:00,87.74869537353516,14.395059585571287,38.11640930175781
2024-10-01 04:00:00,87.99821472167969,14.20887565612793,38.1568717956543
2024-10-02 04:00:00,87.80047607421875,14.0814847946167,38.19364547729492
2024-10-03 04:00:00,87.43326568603516,13.924697875976562,38.212039947509766
2024-10-04 04:00:00,87.10372161865234,13.875701904296877,38.313175201416016
2024-10-07 04:00:00,86.70826721191406,13.865901947021484,38.28559494018555
2024-10-08 04:00:00,86.84950256347656,13.679717063903809,38.303985595703125
2024-10-09 04:00:00,86.70826721191406,13.640520095825195,38.3867301940918
2024-10-10 04:00:00,86.56702423095703,13.307347297668455,38.3867301940918
2024-10-11 04:00:00,86.68002319335938,13.434737205505373,38.45109558105469
2024-10-14 04:00:00,86.8589096069336,13.375941276550291,38.48786926269531
2024-10-15 04:00:00,87.09432220458984,13.11136245727539,38.48786926269531
2024-10-16 04:00:00,87.31087493896484,13.277949333190918,38.46947860717773
2024-10-17 04:00:00,86.7553482055664,13.140759468078612,38.51545715332031
2024-10-18 04:00:00,86.95307922363281,13.170157432556152,38.533836364746094
2024-10-21 04:00:00,86.09624481201172,13.081965446472168,38.56142044067383
2024-10-22 04:00:00,85.89852142333984,13.052566528320312,38.56142044067383
2024-10-23 04:00:00,85.57839965820312,12.827184677124023,38.51545715332031
2024-10-24 04:00:00,85.9267807006836,12.856582641601562,38.52463912963867
2024-10-25 04:00:00,85.9267807006836,12.895779609680176,38.55222702026367
2024-10-28 04:00:00,86.01152038574219,13.02316951751709,38.54303741455078
2024-10-29 04:00:00,86.20923614501953,12.7977876663208,38.55222702026367
2024-10-30 04:00:00,86.1150894165039,12.846783638000488,38.55222702026367
2024-10-31 04:00:00,85.60664367675781,12.836984634399414,38.46947860717773
2024-11-01 04:00:00,85.26797485351562,12.885979652404783,38.54911804199219
2024-11-04 05:00:00,85.63691711425781,13.179956436157228,38.53985595703125
2024-11-05 05:00:00,85.90177917480469,13.228952407836914,38.55837631225586
2024-11-06 05:00:00,85.62744140625,12.258830070495604,38.688018798828125
2024-11-07 05:00:00,86.5639419555664,12.415616989135742,38.74357604980469
2024-11-08 05:00:00,86.80043029785156,12.131440162658691,38.799129486083984
2024-11-11 05:00:00,86.62071228027344,12.082444190979004,38.85469818115234
2024-11-12 05:00:00,85.94906616210938,11.768869400024414,38.7713508605957
2024-11-13 05:00:00,85.82611083984375,11.7296724319458,38.7713508605957
2024-11-14 05:00:00,85.60853576660156,11.964853286743164,38.7620964050293
2024-11-15 05:00:00,85.4855728149414,11.847262382507324,38.7620964050293
2024-11-18 05:00:00,85.58961486816406,11.896259307861328,38.85469818115234
2024-11-19 05:00:00,85.99638366699219,11.817865371704102,38.8361701965332
2024-11-20 05:00:00,86.00582122802734,11.83746337890625,38.84543991088867
2024-11-21 05:00:00,86.0436782836914,11.778668403625488,38.88248443603516
2024-11-22 05:00:00,85.93962097167969,11.876659393310549,38.87321853637695
2024-11-25 05:00:00,86.74366760253906,12.092243194580078,38.84543991088867
2024-11-26 05:00:00,86.62071228027344,12.004050254821776,38.85469818115234
2024-11-27 05:00:00,86.92339324951172,12.102042198181152,38.8917350769043
2024-11-29 05:00:00,87.16934967041016,12.141240119934082,38.965816497802734
2024-12-02 05:00:00,87.07245635986328,12.180437088012695,39.00308609008789
2024-12-03 05:00:00,87.09146118164062,12.092243194580078,38.99376678466797
2024-12-04 05:00:00,87.4144287109375,11.896259307861328,38.98445129394531
2024-12-05 05:00:00,87.52842712402344,11.906057357788086,38.975135803222656
2024-12-06 05:00:00,87.82292175292969,11.857062339782717,39.00308609008789
2024-12-09 05:00:00,87.62342071533203,12.092243194580078,39.04034805297852
2024-12-10 05:00:00,87.4809341430664,11.935455322265623,39.04034805297852
2024-12-11 05:00:00,87.43343353271484,11.935455322265623,39.05898666381836
2024-12-12 05:00:00,86.97745513916016,11.73947048187256,39.09626388549805
2024-12-13 05:00:00,86.5309829711914,11.73947048187256,39.1055793762207
2024-12-16 05:00:00,86.60697937011719,11.572884559631348,39.12422180175781
2024-12-17 05:00:00,86.55950164794922,11.636211395263672,39.11489868164063
2024-12-18 05:00:00,85.26048278808594,11.270105361938477,39.01239776611328
2024-12-19 05:00:00,84.88825225830078,11.2305269241333,38.97208786010742
2024-12-20 05:00:00,85.4800033569336,11.398737907409668,39.0377197265625
2024-12-23 05:00:00,85.26048278808594,11.477895736694336,39.047096252441406
2024-12-24 05:00:00,85.64227294921875,11.517474174499512,39.06585693359375
2024-12-26 05:00:00,85.55635070800781,11.477895736694336,39.11274337768555
2024-12-27 05:00:00,85.23184204101562,11.408631324768066,39.12211990356445
2024-12-30 05:00:00,85.38977813720703,11.309684753417969,39.103363037109375
2024-12-31 05:00:00,85.22705841064453,11.260210990905762,39.13149642944336
2025-01-02 05:00:00,85.51420593261719,11.477895736694336,39.15024566650391
2025-01-03 05:00:00,85.66736602783203,11.527368545532228,39.23463821411133
2025-01-06 05:00:00,85.70565032958984,11.59663200378418,39.28152847290039
2025-01-07 05:00:00,85.36106872558594,11.695578575134276,39.28152847290039
2025-01-08 05:00:00,85.42806243896484,11.408631324768066,39.29090118408203
2025-01-10 05:00:00,84.9686279296875,11.101895332336426,39.27215194702149
2025-01-13 05:00:00,84.84419250488281,11.05242156982422,39.26277923583984
2025-01-14 05:00:00,84.9686279296875,11.121684074401855,39.23463821411133
2025-01-15 05:00:00,85.9449462890625,11.25031566619873,39.29090118408203
2025-01-16 05:00:00,85.83966064453125,11.279999732971191,39.309661865234375
2025-01-17 05:00:00,86.00236511230469,11.319579124450684,39.32841110229492
2025-01-21 05:00:00,86.58625793457031,11.210737228393556,39.3471794128418
2025-01-22 05:00:00,86.34696197509766,10.923789978027344,39.35655212402344
2025-01-23 05:00:00,86.32780456542969,11.072210311889648,39.3471794128418
2025-01-24 05:00:00,86.47138214111328,11.05242156982422,39.37530899047852
2025-01-27 05:00:00,86.72025299072266,11.022737503051758,39.36593246459961
2025-01-28 05:00:00,86.68197631835938,10.953473091125488,39.35655212402344
2025-01-29 05:00:00,86.60540771484375,11.092000007629396,39.35655212402344
2025-01-30 05:00:00,86.96912384033203,11.289895057678224,39.37530899047852
2025-01-31 05:00:00,86.67240142822266,11.25031566619873,39.3471794128418
2025-02-03 05:00:00,86.80802154541016,11.121684074401855,39.29808044433594
2025-02-04 05:00:00,87.11581420898438,11.25031566619873,39.34528732299805
2025-02-05 05:00:00,87.60638427734375,11.299789428710938,39.35471725463867
2025-02-06 05:00:00,87.5294189453125,11.309684753417969,39.35471725463867
2025-02-07 05:00:00,87.19276428222656,11.131579399108888,39.34528732299805
2025-02-10 05:00:00,87.19276428222656,11.111788749694824,39.34528732299805
2025-02-11 05:00:00,86.81764221191406,11.002947807312012,39.31696701049805
2025-02-12 05:00:00,86.53870391845703,10.983158111572266,39.31696701049805
2025-02-13 05:00:00,87.25047302246094,11.101895332336426,39.3830451965332
2025-02-14 05:00:00,87.51979064941406,11.210737228393556,39.40192031860352
2025-02-18 05:00:00,87.14466857910156,11.2305269241333,39.42080307006836
2025-02-19 05:00:00,87.16390991210938,11.270105361938477,39.40192031860352
2025-02-20 05:00:00,87.32742309570312,11.398737907409668,39.40192031860352
2025-02-21 05:00:00,87.35627746582031,11.240421295166016,39.36416244506836
2025-02-24 05:00:00,87.44285583496094,11.279999732971191,39.34528732299805
2025-02-25 05:00:00,87.9911117553711,11.388842582702637,39.34528732299805
2025-02-26 05:00:00,88.2796630859375,11.428421020507812,39.37360382080078
2025-02-27 05:00:00,87.98149871826172,11.08210563659668,39.35471725463867
2025-02-28 05:00:00,88.5201416015625,10.99305248260498,39.36416244506836
2025-03-03 05:00:00,88.33274841308594,10.824841499328612,39.30717849731445
2025-03-04 05:00:00,88.19751739501953,11.012842178344728,39.19317626953125
2025-03-05 05:00:00,88.16853332519531,11.171157836914062,39.326168060302734
2025-03-06 05:00:00,87.64695739746094,11.151369094848633,39.23117446899414
2025-03-07 05:00:00,87.88842010498047,11.398737907409668,39.259674072265625
2025-03-10 04:00:00,87.77251434326172,11.329473495483398,39.1741828918457
2025-03-11 04:00:00,87.59864044189453,11.458105087280272,39.1171875
2025-03-12 04:00:00,87.57933807373047,11.36905288696289,39.09818649291992
2025-03-13 04:00:00,87.54070281982422,11.36905288696289,38.99369812011719
2025-03-14 04:00:00,87.62763214111328,11.458105087280272,39.02219772338867
2025-03-17 04:00:00,87.85945129394531,11.73515796661377,39.04119491577149
2025-03-18 04:00:00,87.83047485351562,11.665894508361816,38.96520233154297
2025-03-19 04:00:00,88.31343078613281,11.725263595581056,39.02219772338867
2025-03-20 04:00:00,88.13957214355469,11.665894508361816,39.08869171142578
2025-03-21 04:00:00,87.8787612915039,11.59663200378418,39.08869171142578
2025-03-24 04:00:00,87.82081604003906,11.458105087280272,39.16468048095703
2025-03-25 04:00:00,87.90774536132812,11.557053565979004,39.1741828918457
2025-03-26 04:00:00,87.40546417236328,11.408631324768066,39.1741828918457
2025-03-27 04:00:00,87.2122802734375,11.408631324768066,39.16468048095703
2025-03-28 04:00:00,87.30886840820312,11.408631324768066,39.05068588256836
2025-03-31 04:00:00,87.50205993652344,11.299789428710938,39.0696907043457
2025-04-01 04:00:00,87.78343200683594,11.36905288696289,39.03239822387695
2025-04-02 04:00:00,87.74461364746094,11.428421020507812,39.0228385925293
2025-04-03 04:00:00,87.220703125,11.566946983337402,38.64991760253906
2025-04-04 04:00:00,85.94973754882812,10.97326374053955,38.14312744140625
2025-04-07 04:00:00,84.56236267089844,10.636842727661133,37.74151992797852
2025-04-08 04:00:00,83.96085357666016,10.448843002319336,37.87539291381836
2025-04-09 04:00:00,86.12437438964844,10.97326374053955,38.68816757202149
2025-04-10 04:00:00,84.45565032958984,10.795158386230469,38.277000427246094
2025-04-11 04:00:00,84.75640106201172,11.171157836914062,38.38217544555664
2025-04-14 04:00:00,85.6392822265625,11.270105361938477,38.525611877441406
2025-04-15 04:00:00,85.90123748779297,11.25031566619873,38.60211181640625
2025-04-16 04:00:00,85.93033599853516,11.200841903686523,38.468238830566406
2025-04-17 04:00:00,86.15348052978516,11.398737907409668,38.63079452514648
2025-04-21 04:00:00,85.15419006347656,11.349263191223145,38.61166763305664
2025-04-22 04:00:00,86.03705596923828,11.586736679077148,38.64991760253906
2025-04-23 04:00:00,86.41544342041016,11.36905288696289,38.86984252929688
2025-04-24 04:00:00,87.3371353149414,11.61642074584961,39.013282775878906
2025-04-25 04:00:00,87.6864013671875,11.725263595581056,39.013282775878906
2025-04-28 04:00:00,87.78343200683594,11.804421424865724,39.0515251159668
2025-04-29 04:00:00,87.89984893798828,11.794527053833008,39.07065200805664
2025-04-30 04:00:00,87.27892303466797,11.646105766296388,38.99414443969727
2025-05-01 04:00:00,87.3198471069336,11.61642074584961,38.99800109863281
2025-05-02 04:00:00,87.0859603881836,11.71536922454834,39.19044494628906
2025-05-05 04:00:00,86.9105453491211,11.636211395263672,39.19044494628906
2025-05-06 04:00:00,87.2711181640625,11.745052337646484,39.19044494628906
2025-05-07 04:00:00,87.61222076416016,11.695578575134276,39.21930694580078
2025-05-08 04:00:00,87.2613754272461,11.834105491638184,39.28666305541992
2025-05-09 04:00:00,87.39781951904297,12.051790237426758,39.32515335083008
2025-05-12 04:00:00,87.90458679199219,12.220000267028809,39.575321197509766
2025-05-13 04:00:00,87.9825439453125,12.675158500671388,39.63305282592773
2025-05-14 04:00:00,87.690185546875,12.793895721435549,39.68116760253906
2025-05-15 04:00:00,87.9825439453125,12.863158226013184,39.70040512084961
2025-05-16 04:00:00,88.14822387695312,12.823578834533691,39.72927474975586
2025-05-19 04:00:00,88.20670318603516,12.694947242736816,39.73889923095703
2025-05-20 04:00:00,88.07025146484375,12.853262901306152,39.72927474975586
2025-05-21 04:00:00,87.2613754272461,12.64547348022461,39.66192626953125
2025-05-22 04:00:00,87.55374908447266,12.328842163085938,39.67154312133789
2025-05-23 04:00:00,87.6414566040039,12.417895317077637,39.67154312133789
2025-05-27 04:00:00,88.1774673461914,12.47726345062256,39.72927474975586
2025-05-28 04:00:00,87.9922866821289,12.427789688110352,39.75814056396485
2025-05-29 04:00:00,88.2944107055664,12.47726345062256,39.806251525878906
2025-05-30 04:00:00,88.2944107055664,12.53663158416748,39.82549285888672
2025-06-02 04:00:00,88.26013946533203,12.457473754882812,39.834205627441406
2025-06-03 04:00:00,88.54403686523438,12.665263175964355,39.84389114379883
2025-06-04 04:00:00,88.87686157226562,12.675158500671388,39.84389114379883
2025-06-05 04:00:00,88.6614990234375,12.71473789215088,39.79547882080078
2025-06-06 04:00:00,88.52445220947266,12.813684463500977,39.88262176513672
2025-06-09 04:00:00,88.7496109008789,12.823578834533691,39.921348571777344
2025-06-10 04:00:00,89.14116668701172,12.99178981781006,39.931034088134766
2025-06-11 04:00:00,89.40548706054688,13.100631713867188,39.91167068481445
2025-06-12 04:00:00,89.5621109008789,13.110526084899902,39.91167068481445
2025-06-13 04:00:00,88.99433135986328,13.160000801086426,39.87294006347656
2025-06-16 04:00:00,89.09222412109375,13.3100004196167,39.931034088134766
2025-06-17 04:00:00,89.16075134277344,12.729999542236328,39.90198516845703
2025-06-18 04:00:00,89.10202026367188,12.699999809265137,39.931034088134766
2025-06-20 04:00:00,89.21949005126953,12.630000114440918,39.969764709472656
2025-06-23 04:00:00,89.47401428222656,12.699999809265137,39.969764709472656
2025-06-24 04:00:00,90.01242065429688,12.960000038146973,40.076271057128906
2025-06-25 04:00:00,89.9634780883789,12.899999618530272,40.1440544128418
2025-06-26 04:00:00,90.2375717163086,13.109999656677246,40.16341781616211
2025-06-27 04:00:00,90.15926361083984,13.020000457763672,40.24087905883789
2025-06-30 04:00:00,90.66830444335938,13.109999656677246,40.26992034912109
2025-07-01 04:00:00,90.84523010253906,13.220000267028809,40.29623794555664
2025-07-02 04:00:00,90.75676727294922,13.43000030517578,40.34496307373047
2025-07-03 04:00:00,90.9140396118164,13.829999923706056,40.40343475341797
2025-07-07 04:00:00,90.4520492553711,13.579999923706056,40.34496307373047
2025-07-08 04:00:00,90.1669921875,13.470000267028809,40.34496307373047
2025-07-09 04:00:00,90.805908203125,13.600000381469728,40.38394546508789
2025-07-10 04:00:00,90.66828918457033,13.550000190734863,40.4521598815918
2025-07-11 04:00:00,90.19647979736328,13.369999885559082,40.46190643310547
2025-07-14 04:00:00,90.20630645751952,13.390000343322754,40.49113845825195
2025-07-15 04:00:00,89.96056365966797,13.5,40.47164916992188
2025-07-16 04:00:00,90.02936553955078,13.460000038146973,40.46190643310547
2025-07-17 04:00:00,90.12767028808594,13.4399995803833,40.48139953613281
2025-07-18 04:00:00,90.32425689697266,13.579999923706056,40.5106315612793
2025-07-21 04:00:00,90.66828918457033,13.739999771118164,40.52037811279297
2025-07-22 04:00:00,90.82556915283205,13.979999542236328,40.54961013793945
2025-07-23 04:00:00,90.8648910522461,13.9399995803833,40.57884979248047
2025-07-24 04:00:00,90.84523010253906,13.920000076293944,40.559356689453125
2025-07-25 04:00:00,91.14012145996094,13.970000267028809,40.54961013793945
2025-07-28 04:00:00,91.08113861083984,13.800000190734863,40.56910705566406
2025-07-29 04:00:00,91.4251708984375,13.729999542236328,40.58859634399414
2025-07-30 04:00:00,91.26790618896484,13.550000190734863,40.54961013793945
2025-07-31 04:00:00,91.28756713867188,13.40999984741211,40.58859634399414
2025-08-01 04:00:00,91.54525756835938,13.529999732971191,40.491485595703125
2025-08-04 04:00:00,91.99942779541016,13.56999969482422,40.57976531982422
2025-08-05 04:00:00,91.99942779541016,13.59000015258789,40.57976531982422
2025-08-06 04:00:00,92.05867004394533,13.600000381469728,40.61899948120117
2025-08-07 04:00:00,92.19688415527344,13.710000038146973,40.63862228393555
2025-08-08 04:00:00,92.19688415527344,13.6899995803833,40.63862228393555
2025-08-11 04:00:00,92.31536865234376,13.529999732971191,40.589576721191406
2025-08-12 04:00:00,92.49308776855467,13.770000457763672,40.62881088256836
2025-08-13 04:00:00,92.947265625,13.800000190734863,40.65823745727539
2025-08-14 04:00:00,92.73992156982422,13.65999984741211,40.65823745727539
2025-08-15 04:00:00,92.6609344482422,14.100000381469728,40.6484260559082
2025-08-18 04:00:00,92.7498016357422,14.489999771118164,40.6778564453125
2025-08-19 04:00:00,92.78929138183594,14.329999923706056,40.6778564453125
2025-08-20 04:00:00,92.64119720458984,14.390000343322754,40.66804504394531
2025-08-21 04:00:00,92.34498596191406,14.18000030517578,40.6484260559082
2025-08-22 04:00:00,93.0163803100586,14.670000076293944,40.74652099609375
2025-08-25 04:00:00,92.65106201171876,14.390000343322754,40.756324768066406
2025-08-26 04:00:00,92.63131713867188,14.390000343322754,40.7857551574707
2025-08-27 04:00:00,92.52271270751952,14.34000015258789,40.7857551574707
2025-08-28 04:00:00,93.06575012207033,14.520000457763672,40.79556274414063
2025-08-29 04:00:00,92.92752075195312,14.390000343322754,40.80537033081055
2025-09-02 04:00:00,92.57254028320312,14.15999984741211,40.829063415527344
2025-09-03 04:00:00,92.96916961669922,14.199999809265137,40.83893585205078
2025-09-04 04:00:00,93.3360366821289,14.329999923706056,40.8882942199707
2025-09-05 04:00:00,93.96073150634766,14.68000030517578,40.91790771484375
2025-09-08 04:00:00,93.95081329345705,14.56999969482422,40.93765640258789
2025-09-09 04:00:00,93.86157989501952,14.390000343322754,40.94752502441406
2025-09-10 04:00:00,94.37718200683594,14.5600004196167,40.94752502441406
2025-09-11 04:00:00,94.72423553466795,14.6899995803833,40.99687957763672
2025-09-12 04:00:00,94.44659423828124,14.630000114440918,41.0166244506836
2025-09-15 04:00:00,94.78372192382812,14.8100004196167,41.04624176025391
2025-09-16 04:00:00,94.72423553466795,14.890000343322754,41.056114196777344
2025-09-17 04:00:00,94.6746597290039,15.0600004196167,41.03636932373047
2025-09-18 04:00:00,94.2780303955078,15.039999961853027,41.056114196777344
2025-09-19 04:00:00,94.17887115478516,15.170000076293944,41.0265007019043
2025-09-22 04:00:00,94.3871078491211,15.359999656677246,41.06598281860352
2025-09-23 04:00:00,94.75398254394533,15.1899995803833,41.056114196777344
2025-09-24 04:00:00,94.69448852539062,15.140000343322754,41.056114196777344
2025-09-25 04:00:00,94.45651245117188,15.15999984741211,41.00675582885742
2025-09-26 04:00:00,94.42676544189452,15.210000038146973,41.0166244506836
2025-09-29 04:00:00,94.58541870117188,15.40999984741211,41.03636932373047
